case_id,slide_id,label
TCGA-78-7535,TCGA-78-7535-01Z-00-DX1.c4ca06f3-22d1-4e39-85c8-98d1fa2b0e60,LUAD
TCGA-50-5045,TCGA-50-5045-01Z-00-DX2.0FCA12EA-572E-4A7D-900D-6E200892170E,LUAD
TCGA-05-4402,TCGA-05-4402-01Z-00-DX1.c653ddc2-88c1-45ac-88e7-4e512b8e8d53,LUAD
TCGA-49-4490,TCGA-49-4490-01Z-00-DX4.4e94aeb6-f616-4bdd-82bc-2ca2f2b5a5c4,LUAD
TCGA-49-4512,TCGA-49-4512-01Z-00-DX2.341d7ff7-15e1-44f1-8818-b117fe98ca99,LUAD
TCGA-69-A59K,TCGA-69-A59K-01Z-00-DX1.01EAF520-9AC1-4ECC-8EF3-B9122924A1E3,LUAD
TCGA-86-8074,TCGA-86-8074-01Z-00-DX1.0c34b434-8701-4060-a4ea-08a72371ee1e,LUAD
TCGA-44-6776,TCGA-44-6776-01Z-00-DX1.551e200f-5f40-4b95-8b2f-7c6000a21be0,LUAD
TCGA-49-4490,TCGA-49-4490-01Z-00-DX5.feea87ff-61c6-465e-8b36-4803f6af3d62,LUAD
TCGA-50-8459,TCGA-50-8459-01Z-00-DX1.24D876E7-5265-4C5D-A215-0BAE5450EEF3,LUAD
TCGA-49-6745,TCGA-49-6745-01Z-00-DX6.3174fffa-c17c-44d1-8d21-1921a9ec1bee,LUAD
TCGA-75-7030,TCGA-75-7030-01Z-00-DX1.5DDF24B5-00D1-4418-A067-A9B609E15314,LUAD
TCGA-44-4112,TCGA-44-4112-01Z-00-DX1.5380b3b4-0e24-4c6c-aa8c-298c5fbe068f,LUAD
TCGA-49-6742,TCGA-49-6742-01Z-00-DX2.2c6b4df0-867d-40c5-8bee-14e2d219224b,LUAD
TCGA-97-A4M0,TCGA-97-A4M0-01Z-00-DX1.BDDFB04C-2475-485A-9A85-C4B9EB15155E,LUAD
TCGA-44-5643,TCGA-44-5643-01Z-00-DX1.83fb7631-0ecb-4473-bfb2-c8daa2f87d35,LUAD
TCGA-64-1680,TCGA-64-1680-01Z-00-DX1.9CB14F20-E7B0-49A1-A327-404B3160FD65,LUAD
TCGA-55-8302,TCGA-55-8302-01Z-00-DX1.E0C2B152-BBA9-4AA7-9E6B-BD57B68163CB,LUAD
TCGA-55-6980,TCGA-55-6980-01Z-00-DX1.2f1d1858-42b9-4e3b-966d-2f3f429570a6,LUAD
TCGA-53-7624,TCGA-53-7624-01Z-00-DX1.51b4de19-3531-4bcb-b822-fa966480f2ad,LUAD
TCGA-MN-A4N4,TCGA-MN-A4N4-01Z-00-DX2.9550732D-8FB1-43D9-B094-7C0CD310E9C0,LUAD
TCGA-05-4427,TCGA-05-4427-01Z-00-DX1.36CF4E93-3FBB-4346-A26B-85F0D9D0575D,LUAD
TCGA-78-8662,TCGA-78-8662-01Z-00-DX1.754A4C57-B5FA-4077-99E4-F6EFA6459410,LUAD
TCGA-78-7542,TCGA-78-7542-01Z-00-DX1.2ee042a6-11ee-4668-b254-44144fca4234,LUAD
TCGA-50-5939,TCGA-50-5939-01Z-00-DX1.745D7503-0744-46B1-BC89-EBB8FCE2D55C,LUAD
TCGA-38-A44F,TCGA-38-A44F-01Z-00-DX1.B9958072-D8BB-40DD-B28E-2E83CE2B550B,LUAD
TCGA-55-8514,TCGA-55-8514-01Z-00-DX1.499CF563-B404-4061-9D1A-57954BBE2CE7,LUAD
TCGA-73-4677,TCGA-73-4677-01Z-00-DX1.b557785c-9ccc-42a7-bb54-7bb47638ddfc,LUAD
TCGA-49-4488,TCGA-49-4488-01Z-00-DX1.c9beef33-2d53-4fcb-8293-f083d9fedddc,LUAD
TCGA-86-8055,TCGA-86-8055-01Z-00-DX1.546dc42e-3742-4da5-8f9b-80732180ce76,LUAD
TCGA-55-A490,TCGA-55-A490-01Z-00-DX1.07D77502-7216-4C23-9BB8-8DE99AECC920,LUAD
TCGA-49-6742,TCGA-49-6742-01Z-00-DX1.23e8883f-0ecc-4359-a8b5-75d49f43a08b,LUAD
TCGA-05-4417,TCGA-05-4417-01Z-00-DX1.6E534856-996F-4BD9-8AFC-7B1BF627E505,LUAD
TCGA-73-4676,TCGA-73-4676-01Z-00-DX1.4d781bbc-a45e-4f9d-b6b6-2265282dff99,LUAD
TCGA-86-A4P7,TCGA-86-A4P7-01Z-00-DX1.37026DCF-5A81-4098-B444-C8A40CA168D0,LUAD
TCGA-93-A4JO,TCGA-93-A4JO-01Z-00-DX1.314C53B6-603C-402B-8CF7-E3CE851A0A0F,LUAD
TCGA-44-7670,TCGA-44-7670-01Z-00-DX1.2a981dd6-0063-438e-b20e-b180b16e2b23,LUAD
TCGA-MP-A4TJ,TCGA-MP-A4TJ-01Z-00-DX1.14EDBE5C-5D0C-4002-BE95-AF5C9D9F3D43,LUAD
TCGA-71-8520,TCGA-71-8520-01Z-00-DX1.EAE99132-A397-4B4D-8B09-CBB774A7B62F,LUAD
TCGA-93-A4JP,TCGA-93-A4JP-01Z-00-DX1.994E229B-5251-4F61-8C41-863047F3A136,LUAD
TCGA-L9-A50W,TCGA-L9-A50W-01Z-00-DX1.21FAAB58-58EF-4A6A-8F0A-16D9AB9B1056,LUAD
TCGA-MP-A4T8,TCGA-MP-A4T8-01Z-00-DX1.3ECB340F-66C7-4F64-8E00-463BF82AAD83,LUAD
TCGA-55-A494,TCGA-55-A494-01Z-00-DX1.8C7C4BE0-791A-47CA-B0A8-1935366350E0,LUAD
TCGA-NJ-A55O,TCGA-NJ-A55O-01Z-00-DX1.8E23C821-B8BB-4D89-9E38-E97424A685CE,LUAD
TCGA-49-6743,TCGA-49-6743-01Z-00-DX2.f6b71e89-19ff-4d9b-a3f1-3a52949f1dc7,LUAD
TCGA-MP-A4TC,TCGA-MP-A4TC-01Z-00-DX1.C7DB4A7F-F6B8-4FA0-84C1-9B87D41C7749,LUAD
TCGA-97-8177,TCGA-97-8177-01Z-00-DX1.4c2ddf48-40d3-4fa0-8b5f-0485e8270ac7,LUAD
TCGA-69-7760,TCGA-69-7760-01Z-00-DX1.7fc295e3-5bfc-4017-801c-491489d0eb34,LUAD
TCGA-55-A492,TCGA-55-A492-01Z-00-DX1.31B23842-7F8B-4311-88DF-C51CB4F54AED,LUAD
TCGA-05-4420,TCGA-05-4420-01Z-00-DX1.2df0552e-87dc-491e-9be2-be8fbce2660d,LUAD
TCGA-85-8350,TCGA-85-8350-01Z-00-DX1.F9A32453-2E24-4874-A1FA-67B4173ABF03,LUSC
TCGA-43-5668,TCGA-43-5668-01Z-00-DX1.0d024872-fbcc-4e91-948b-acc96a00d5eb,LUSC
TCGA-56-8309,TCGA-56-8309-01Z-00-DX1.5FC5FA81-405A-48AB-AA7D-2D38003A8942,LUSC
TCGA-96-8169,TCGA-96-8169-01Z-00-DX1.d2e29d5e-abd4-4f36-958c-d9d22b836a34,LUSC
TCGA-33-A5GW,TCGA-33-A5GW-01Z-00-DX1.6F0833B7-EDAB-4DF4-83D9-393D8ADBFCF3,LUSC
TCGA-77-7141,TCGA-77-7141-01Z-00-DX1.3263490a-cfba-43a8-8198-5139dbf00bf9,LUSC
TCGA-43-A56U,TCGA-43-A56U-01Z-00-DX1.B60C921A-4EE4-4CAE-9E55-311C7D2DA9E4,LUSC
TCGA-70-6722,TCGA-70-6722-01Z-00-DX1.2f8498bb-bbd9-4eae-bb9e-6fe939ca0551,LUSC
TCGA-33-AAS8,TCGA-33-AAS8-01Z-00-DX1.774A64E2-17E4-468C-BFE9-85F0D4F52D0E,LUSC
TCGA-77-7138,TCGA-77-7138-01Z-00-DX1.8c912762-0829-4692-92a2-545fea2b3e48,LUSC
TCGA-22-4613,TCGA-22-4613-01Z-00-DX1.4BC3B7B8-99E7-4744-8F5A-089ECCDE144E,LUSC
TCGA-60-2714,TCGA-60-2714-01Z-00-DX1.13f280a8-c8d3-48bb-8a38-49ce9ad9e1a2,LUSC
TCGA-77-8144,TCGA-77-8144-01Z-00-DX1.5194d537-c942-45f3-967b-eb213646ff24,LUSC
TCGA-37-3792,TCGA-37-3792-01Z-00-DX1.d95a9f5f-5bad-48fc-9f90-ed2580328b80,LUSC
TCGA-85-A513,TCGA-85-A513-01Z-00-DX1.9C4C6BA2-BBEB-4EC6-9A70-65B1F6198E1F,LUSC
TCGA-77-8139,TCGA-77-8139-01Z-00-DX1.242d68e3-5ee0-4484-8403-e2ffd1ede20b,LUSC
TCGA-85-8072,TCGA-85-8072-01Z-00-DX1.3a0ad5a6-c93e-428c-94e7-809ceaf01ef1,LUSC
TCGA-56-7730,TCGA-56-7730-01Z-00-DX1.6f127663-c517-4b5d-99a6-a3cd314304b1,LUSC
TCGA-33-AASI,TCGA-33-AASI-01Z-00-DX1.71BC119D-9916-4214-9294-26301F2E430F,LUSC
TCGA-37-4135,TCGA-37-4135-01Z-00-DX1.3f193ee1-530c-4f37-a669-56af75bba8db,LUSC
TCGA-NC-A5HQ,TCGA-NC-A5HQ-01Z-00-DX1.E7FA7F88-2B81-4EBD-8A48-883BD6953428,LUSC
TCGA-60-2723,TCGA-60-2723-01Z-00-DX1.1c12de5a-5d31-468e-9169-feb23d24e7d6,LUSC
TCGA-43-A475,TCGA-43-A475-01Z-00-DX1.48694B33-6070-4D6E-9CE4-BDEF072500A1,LUSC
TCGA-98-A53H,TCGA-98-A53H-01Z-00-DX1.B05E6339-440C-4F2E-95B5-F2C96413D488,LUSC
TCGA-22-5489,TCGA-22-5489-01Z-00-DX1.0518AF53-5642-40FB-A631-4C50D7707C8F,LUSC
TCGA-22-5480,TCGA-22-5480-01Z-00-DX1.A6E25FF1-9616-4F5F-97BD-BA1912C46008,LUSC
TCGA-56-A4BY,TCGA-56-A4BY-01Z-00-DX1.DCA0D153-7DB7-44FB-A87A-20931D36856A,LUSC
TCGA-LA-A7SW,TCGA-LA-A7SW-01Z-00-DX1.A65863F5-EA8F-46F5-A4D1-52FAD3D93E26,LUSC
TCGA-18-4083,TCGA-18-4083-01Z-00-DX1.337D4583-326F-4108-9441-DC74FAED6AE2,LUSC
TCGA-85-6561,TCGA-85-6561-01Z-00-DX1.7bb9f936-00e1-4014-a6ae-8dc1c64d7f42,LUSC
TCGA-34-5241,TCGA-34-5241-01Z-00-DX1.7abc4737-9a9c-4270-8297-58ea167cea63,LUSC
TCGA-33-4538,TCGA-33-4538-01Z-00-DX5.19d6ae2f-feaa-4c38-9335-6bb549631f94,LUSC
TCGA-18-3415,TCGA-18-3415-01Z-00-DX1.8C62F2CD-4A2F-4D1E-A662-D7D5AFE557AB,LUSC
TCGA-60-2715,TCGA-60-2715-01Z-00-DX1.22710dc4-eaf5-44c2-8438-c6dcfae1d452,LUSC
TCGA-46-3766,TCGA-46-3766-01Z-00-DX1.5870b2ed-78f0-4f68-b01e-2ef6d5353b57,LUSC
TCGA-22-1016,TCGA-22-1016-01Z-00-DX1.807510FD-222D-4E65-B261-3EB0815F8A50,LUSC
TCGA-60-2726,TCGA-60-2726-01Z-00-DX1.3c30934b-c93a-4dad-9c44-b417eae17137,LUSC
TCGA-56-8622,TCGA-56-8622-01Z-00-DX1.62B552C4-5CBE-4469-8DBB-E27497FF95F4,LUSC
TCGA-18-3411,TCGA-18-3411-01Z-00-DX1.D9228674-5B13-44CB-A7AE-C64FD97A3BBB,LUSC
TCGA-33-4538,TCGA-33-4538-01Z-00-DX3.27b62beb-d3c4-493b-8663-73f128c0ad77,LUSC
TCGA-56-7223,TCGA-56-7223-01Z-00-DX1.dd01c478-6dfa-4757-85fd-d956d70ec372,LUSC
TCGA-85-8276,TCGA-85-8276-01Z-00-DX1.6306624d-e197-4744-a872-0a20413bd9fa,LUSC
TCGA-85-6798,TCGA-85-6798-01Z-00-DX1.c8ca3a56-b337-4345-b55a-83b0ae9a75f0,LUSC
TCGA-56-8307,TCGA-56-8307-01Z-00-DX1.20EE4B4C-403F-44AA-8B0E-711003E60B8F,LUSC
TCGA-77-A5GF,TCGA-77-A5GF-01Z-00-DX1.8E70F660-4492-4BEB-A688-217DE27C1E6D,LUSC
TCGA-21-5784,TCGA-21-5784-01Z-00-DX1.E50E7F4B-BE37-4171-94A7-E824CFF4B3BB,LUSC
TCGA-85-A4CL,TCGA-85-A4CL-01Z-00-DX1.05BC31FF-3B88-489F-9BD2-5B2B31C72EDB,LUSC
TCGA-85-8580,TCGA-85-8580-01Z-00-DX1.1b942bbe-2c6e-4411-8609-1725e5cb93da,LUSC
TCGA-60-2725,TCGA-60-2725-01Z-00-DX1.b9d038d6-c2fb-4e46-a4ef-80fdbfb56d0a,LUSC
TCGA-33-4533,TCGA-33-4533-01Z-00-DX4.b7cd127e-4d9c-45dc-bd5e-e95343819e4c,LUSC
