file_id,file_name,case_id,sample_submitter_id,sample_type
e4988cad-67b9-41a6-9640-2226d6b7424a,050f4ef1-e774-490e-9450-8f2d473b1a21.rna_seq.augmented_star_gene_counts.tsv,TCGA-73-4676,TCGA-73-4676-11A,Solid Tissue Normal
81152340-ffac-4122-8b21-bef3a474a18e,a84ef848-a790-4e90-96b4-45b24c3aaaf4.rna_seq.augmented_star_gene_counts.tsv,TCGA-50-5939,TCGA-50-5939-11A,Solid Tissue Normal
06a639d9-ade5-4cbb-91b0-a41449ce4f49,6531e137-3d23-44e7-af10-51e9cc517192.rna_seq.augmented_star_gene_counts.tsv,TCGA-78-8662,TCGA-78-8662-01A,Primary Tumor
9bdba133-a1e0-4482-add2-af6493ebdbe5,efd3731a-0788-41e9-a985-0c3d400d7db3.rna_seq.augmented_star_gene_counts.tsv,TCGA-86-8055,TCGA-86-8055-01A,Primary Tumor
a308da6a-7eec-4a96-8884-d6ea49637744,14797b04-c56a-4ceb-bd0f-a4e785e90f75.rna_seq.augmented_star_gene_counts.tsv,TCGA-05-4398,TCGA-05-4398-01A,Primary Tumor
270a13b3-158c-4251-8c6a-5bc5275e0ebb,8da65700-04c7-444d-826e-ec2e692b257b.rna_seq.augmented_star_gene_counts.tsv,TCGA-97-A4M2,TCGA-97-A4M2-01A,Primary Tumor
b5b25f89-cd67-44e5-89bd-be2bc1def4d8,4ad05e6b-e3d8-4048-8f61-1e79e421de0b.rna_seq.augmented_star_gene_counts.tsv,TCGA-95-7567,TCGA-95-7567-01A,Primary Tumor
0ece8b9b-d1c3-4f03-b70d-6bc06c6f52ce,a585711d-48a4-45bd-bb45-f9d2a7717af0.rna_seq.augmented_star_gene_counts.tsv,TCGA-55-A492,TCGA-55-A492-01A,Primary Tumor
201c0fbc-124c-4ef0-b767-393443a47892,b556d35a-4855-4e56-9e02-5fc939722169.rna_seq.augmented_star_gene_counts.tsv,TCGA-44-2656,TCGA-44-2656-01A,Primary Tumor
c343f781-c1df-4349-aab3-f159329a11da,3a8b14d9-c521-48d4-9400-074d752afe1b.rna_seq.augmented_star_gene_counts.tsv,TCGA-MP-A4T8,TCGA-MP-A4T8-01A,Primary Tumor
b5df8e57-5822-4192-a4a4-398d11e9d968,6b48d62b-0932-48df-9448-ae6dcb8853b2.rna_seq.augmented_star_gene_counts.tsv,TCGA-55-8302,TCGA-55-8302-01A,Primary Tumor
e20ecad8-f22d-4e2d-99af-bc1be98c5128,085fd4df-27f7-4680-a0b5-8726f9eab370.rna_seq.augmented_star_gene_counts.tsv,TCGA-49-4512,TCGA-49-4512-01A,Primary Tumor
62560d5c-0cae-4fc7-820a-9c1236eb2c80,f30ea4c5-0110-403e-b171-2ea1e35c1ea0.rna_seq.augmented_star_gene_counts.tsv,TCGA-05-4417,TCGA-05-4417-01A,Primary Tumor
3563bce2-6547-4081-883e-1e7e498c83be,59e8b7b7-5183-4655-aa5e-e4b5ba73eded.rna_seq.augmented_star_gene_counts.tsv,TCGA-55-7727,TCGA-55-7727-01A,Primary Tumor
739b3fc4-0924-4d13-aecc-acc93cb9f486,bc037eb7-5afa-4730-b896-23bf21a31641.rna_seq.augmented_star_gene_counts.tsv,TCGA-38-4630,TCGA-38-4630-01A,Primary Tumor
a03c9de0-7526-4942-8a7a-5fe03ea191f6,3ce23908-d2b9-42b0-a409-5fbd767496c2.rna_seq.augmented_star_gene_counts.tsv,TCGA-49-6742,TCGA-49-6742-01A,Primary Tumor
efc4983d-f573-4996-bf5c-5aaa1aafd730,e38af20a-f4f2-40dc-82c0-69782f9192d7.rna_seq.augmented_star_gene_counts.tsv,TCGA-73-4677,TCGA-73-4677-01A,Primary Tumor
cb6a3198-2662-4150-bee9-51b692968209,c6dd2eb6-2297-4dc0-8cae-c7a6b733a1c2.rna_seq.augmented_star_gene_counts.tsv,TCGA-50-5066,TCGA-50-5066-01A,Primary Tumor
347db78b-ddfc-46ed-9fe4-0ca52ac432ef,ad3180d3-8ae4-4446-9292-dd0c464b03c9.rna_seq.augmented_star_gene_counts.tsv,TCGA-50-5066,TCGA-50-5066-02A,Recurrent Tumor
2ab0f01f-2f66-4489-9de7-2a0d61b6ea04,4822db97-46d7-4302-bef9-63086b777e9c.rna_seq.augmented_star_gene_counts.tsv,TCGA-93-A4JO,TCGA-93-A4JO-01A,Primary Tumor
77819b24-ea90-427b-8a99-c9a90417c903,b307f8c5-d21f-42ae-9771-07126d58999e.rna_seq.augmented_star_gene_counts.tsv,TCGA-44-2656,TCGA-44-2656-01A,Primary Tumor
c4bcc6b0-96a1-452b-9169-b4a16bcb9403,9f97863a-5019-41de-a095-dd20c4d55e02.rna_seq.augmented_star_gene_counts.tsv,TCGA-44-2656,TCGA-44-2656-01B,Primary Tumor
ad636e79-be59-4821-8303-7d2e7389b22f,6545e778-687c-4b82-b6b6-b5d438879069.rna_seq.augmented_star_gene_counts.tsv,TCGA-78-7535,TCGA-78-7535-01A,Primary Tumor
978939fa-a27f-46ff-9120-7a43e3588b28,1ca692e6-1dff-4d84-ace1-671bac7b9f61.rna_seq.augmented_star_gene_counts.tsv,TCGA-44-4112,TCGA-44-4112-01B,Primary Tumor
44964e02-9283-4a48-a9e4-006a75d4120e,b0747254-d7fd-4ec9-96b1-d132540c4b46.rna_seq.augmented_star_gene_counts.tsv,TCGA-55-8514,TCGA-55-8514-01A,Primary Tumor
52d91ece-345c-4c5d-800a-121955b93c66,91e79d93-01a8-4908-805a-12678d68a543.rna_seq.augmented_star_gene_counts.tsv,TCGA-86-A456,TCGA-86-A456-01A,Primary Tumor
b0a1b626-c44b-4a95-b4a4-383fc63f8649,233b6aa7-9d3f-4db0-a900-03f7cf4d0ac4.rna_seq.augmented_star_gene_counts.tsv,TCGA-NJ-A55O,TCGA-NJ-A55O-01A,Primary Tumor
cfac28bf-001d-4db8-942a-d244f93139a7,1aa0401e-b389-4852-87ef-e1ae357b76dc.rna_seq.augmented_star_gene_counts.tsv,TCGA-50-8459,TCGA-50-8459-01A,Primary Tumor
09fb135f-1c19-45d6-ae31-a8c32a0e06bf,36280315-a32b-4743-8a78-82bbfd116b82.rna_seq.augmented_star_gene_counts.tsv,TCGA-49-4512,TCGA-49-4512-11A,Solid Tissue Normal
e4bb1f41-bf42-43f3-aba5-98f3a02a7e03,aa2d6144-50d3-4096-9ecf-3cc0ceac7f41.rna_seq.augmented_star_gene_counts.tsv,TCGA-50-5045,TCGA-50-5045-01A,Primary Tumor
736227d9-3cee-40ed-bdec-0e88968ef179,7623e22f-3401-47b3-be94-23f5da20ee0d.rna_seq.augmented_star_gene_counts.tsv,TCGA-44-6776,TCGA-44-6776-01A,Primary Tumor
a5c19494-731c-4519-b8a7-b7307aea2f9c,cb3c7090-d221-4c88-896f-6199118ae5d2.rna_seq.augmented_star_gene_counts.tsv,TCGA-44-6776,TCGA-44-6776-11A,Solid Tissue Normal
8148f34c-1ddd-454a-8761-8b76e97e8534,4a39a182-e583-4ff0-a8f0-f73b0f5c4f20.rna_seq.augmented_star_gene_counts.tsv,TCGA-50-5939,TCGA-50-5939-01A,Primary Tumor
0344d3bb-8bb2-459e-bc1f-ba31c7470d08,39807893-979e-44c6-ada9-444c68b863c3.rna_seq.augmented_star_gene_counts.tsv,TCGA-MP-A4T4,TCGA-MP-A4T4-01A,Primary Tumor
4b11527c-fb98-4ad4-aaac-6f0c6c1d185c,78e95f3e-1067-48a8-9429-dfdd6f587066.rna_seq.augmented_star_gene_counts.tsv,TCGA-55-6980,TCGA-55-6980-01A,Primary Tumor
a8252e2f-1dbd-4f3c-9e11-599a33d6fd24,a43440a1-25e9-4841-8cc0-b5c5ebc4a8b7.rna_seq.augmented_star_gene_counts.tsv,TCGA-55-6980,TCGA-55-6980-11A,Solid Tissue Normal
92b4ef29-b45a-4ec4-9251-8d6fb32cde90,fddbde25-7d5c-496f-8f62-985dbda7e0fe.rna_seq.augmented_star_gene_counts.tsv,TCGA-97-A4M3,TCGA-97-A4M3-01A,Primary Tumor
9af8b2eb-3dbb-4688-a5fd-15abc0460f57,9aba4243-1817-4f5f-8e9d-66da98229246.rna_seq.augmented_star_gene_counts.tsv,TCGA-44-4112,TCGA-44-4112-01A,Primary Tumor
db5e9553-ca85-4dcd-9229-2ac1ba208d52,57ae0185-984b-40a7-8d95-1a6a2cc0b03a.rna_seq.augmented_star_gene_counts.tsv,TCGA-NJ-A55R,TCGA-NJ-A55R-01A,Primary Tumor
d21e7461-c76d-4ae7-be02-313c3c34118d,72fe0e80-b3e6-4249-8345-fb9ff8d2ca9b.rna_seq.augmented_star_gene_counts.tsv,TCGA-69-7760,TCGA-69-7760-01A,Primary Tumor
fe20855f-d3ce-4e02-b2dd-3df15eab44bf,564e41d6-f9a4-4a6b-bb97-f8e5423b84bd.rna_seq.augmented_star_gene_counts.tsv,TCGA-69-8453,TCGA-69-8453-01A,Primary Tumor
e9d3cac1-3a16-4e21-8fe8-a4944ce82cb8,e127acf3-0757-4f24-aff7-0fbe7283b9ed.rna_seq.augmented_star_gene_counts.tsv,TCGA-49-6743,TCGA-49-6743-01A,Primary Tumor
b91d8293-6331-4f76-98f0-335ebce83539,330845b9-1d53-47af-8cb7-30ce5d30625d.rna_seq.augmented_star_gene_counts.tsv,TCGA-49-4505,TCGA-49-4505-01A,Primary Tumor
975121d2-ba5d-4b2c-bd50-278311c7144a,143cbdd4-689e-4ba9-b0ad-069629dc7dfa.rna_seq.augmented_star_gene_counts.tsv,TCGA-97-A4M6,TCGA-97-A4M6-01A,Primary Tumor
de82c428-0b33-48e0-a337-42ac0a434a24,b4a1a796-8bce-4b44-b4ed-fd7bf4c81b3b.rna_seq.augmented_star_gene_counts.tsv,TCGA-93-A4JP,TCGA-93-A4JP-01A,Primary Tumor
65b91a69-f98e-49b5-8f87-667dd0aeafdf,9c92bdc5-8b9b-4843-82a4-2fa6ee4d40a3.rna_seq.augmented_star_gene_counts.tsv,TCGA-05-4420,TCGA-05-4420-01A,Primary Tumor
64c35a37-5b92-4e2e-831d-9bbe50401dd5,f6f15b7f-1af0-4da5-8ca5-a4b488d8f412.rna_seq.augmented_star_gene_counts.tsv,TCGA-86-8074,TCGA-86-8074-01A,Primary Tumor
1e2233cf-4391-433c-9ef0-c215056ad02e,f3bf4152-5e1d-42d2-920e-9dfbe2e0dbc5.rna_seq.augmented_star_gene_counts.tsv,TCGA-44-4112,TCGA-44-4112-01A,Primary Tumor
36432508-6673-489b-aefe-d172b83abac2,00fabec9-d311-4994-a7e5-eb91178d14f2.rna_seq.augmented_star_gene_counts.tsv,TCGA-69-A59K,TCGA-69-A59K-01A,Primary Tumor
2f2cc9dc-1d0a-4302-b674-02d56c259ff3,8dc8ccd2-a842-4a48-a8db-007855733fc0.rna_seq.augmented_star_gene_counts.tsv,TCGA-49-4490,TCGA-49-4490-01A,Primary Tumor
2fa40914-d149-4f67-aa78-64723258314f,e0819bee-5642-4297-b6bb-70e41d54ee8c.rna_seq.augmented_star_gene_counts.tsv,TCGA-MP-A4TC,TCGA-MP-A4TC-01A,Primary Tumor
89757795-017d-40e2-ba48-e7a19fb69b94,6b717b71-a34d-45af-a27e-ce77484d14f2.rna_seq.augmented_star_gene_counts.tsv,TCGA-43-5668,TCGA-43-5668-01A,Primary Tumor
09152b74-f690-4dbc-a398-1f8dde28ec06,868bc289-3c43-4a0f-bbb1-703f0e9fa33a.rna_seq.augmented_star_gene_counts.tsv,TCGA-60-2715,TCGA-60-2715-01A,Primary Tumor
45c6656d-a8f3-4968-aa40-142f3a340dde,ec765dd2-6541-4cdc-a26c-6d116398dc87.rna_seq.augmented_star_gene_counts.tsv,TCGA-60-2698,TCGA-60-2698-01A,Primary Tumor
c6bd1dd4-4966-4e53-aaf3-30da7d28491d,3dc5db8b-58cf-4e9f-8ed8-35203b61d452.rna_seq.augmented_star_gene_counts.tsv,TCGA-60-2714,TCGA-60-2714-01A,Primary Tumor
771fb64d-317e-4eeb-8945-b3446848294a,cb7f1dab-ee8b-4f22-b704-0e868b3a14b5.rna_seq.augmented_star_gene_counts.tsv,TCGA-22-0940,TCGA-22-0940-01A,Primary Tumor
5f656efa-0043-40d4-9276-37971aaf7774,166c4776-e8e3-408b-8320-e65ce57ccd8d.rna_seq.augmented_star_gene_counts.tsv,TCGA-43-A475,TCGA-43-A475-01A,Primary Tumor
5be877e7-15a7-48e6-b05a-cb1dfa39aa25,f74ee32a-ef90-471a-a440-4bd444e8113e.rna_seq.augmented_star_gene_counts.tsv,TCGA-98-A53H,TCGA-98-A53H-01A,Primary Tumor
6170ecbe-9ede-4afe-b020-655a903d96aa,6c2ccdf1-5dff-4e6e-8c2c-62a64cefcb6e.rna_seq.augmented_star_gene_counts.tsv,TCGA-22-4595,TCGA-22-4595-01A,Primary Tumor
e464e573-8420-4516-a4b0-27850d3a18dd,e3ef1128-694c-48d6-81ee-62f0ea6ec582.rna_seq.augmented_star_gene_counts.tsv,TCGA-85-8355,TCGA-85-8355-01A,Primary Tumor
4c994cf9-52d0-4c05-97c0-fd2d3ffb9100,2ca30f8b-ed4e-478d-87cc-59a4e8249d94.rna_seq.augmented_star_gene_counts.tsv,TCGA-43-3394,TCGA-43-3394-11A,Solid Tissue Normal
c9dd0b68-5c32-4686-b1e7-535e7040a5aa,778964ec-c580-4252-8ec6-690161698cd3.rna_seq.augmented_star_gene_counts.tsv,TCGA-43-A56U,TCGA-43-A56U-01A,Primary Tumor
c105286e-08ac-4988-85d3-41d5d9f5fdf5,1d551553-e0fd-4008-ab18-93fbf77cf9b9.rna_seq.augmented_star_gene_counts.tsv,TCGA-85-6798,TCGA-85-6798-01A,Primary Tumor
723a8c8e-03e4-4f77-9944-f0c4a42ec3ce,d2cee676-1fc7-4cad-8214-5ee8dce19b44.rna_seq.augmented_star_gene_counts.tsv,TCGA-85-8580,TCGA-85-8580-01A,Primary Tumor
8f5bb09d-e15a-4938-aad1-85c1b2d79af9,09bbf500-6e8c-4cb8-bc96-d7c09a43a041.rna_seq.augmented_star_gene_counts.tsv,TCGA-77-8144,TCGA-77-8144-01A,Primary Tumor
a5101858-cab5-42b7-af4f-6f75dd62c36c,2e90137c-306a-4aee-b772-18827857d2e1.rna_seq.augmented_star_gene_counts.tsv,TCGA-85-8350,TCGA-85-8350-01A,Primary Tumor
46211d46-b4da-43ed-8b36-abbed4f4f27e,fb5ab2bb-9c22-41cc-8955-4237f2426ee2.rna_seq.augmented_star_gene_counts.tsv,TCGA-77-7138,TCGA-77-7138-11A,Solid Tissue Normal
da8679e6-96fc-4874-83c8-a3e3b0fe20d4,9b86812f-b1ee-4b6d-9691-8587f2487c4a.rna_seq.augmented_star_gene_counts.tsv,TCGA-21-A5DI,TCGA-21-A5DI-01A,Primary Tumor
81e7d771-eb01-4025-93c8-83ad7e0f6408,3a361424-ea8c-4b61-b9bb-a4ce1d64e9d7.rna_seq.augmented_star_gene_counts.tsv,TCGA-85-8664,TCGA-85-8664-01A,Primary Tumor
ab646f7c-46a6-45a9-91ae-43f5d230b542,6f89146c-407c-4e31-94df-89c5c1b7d0af.rna_seq.augmented_star_gene_counts.tsv,TCGA-70-6722,TCGA-70-6722-01A,Primary Tumor
75687790-7c48-4de5-9e8b-6a82ea97ddd1,3bc5448b-cfac-4845-b8f2-368dd96d678a.rna_seq.augmented_star_gene_counts.tsv,TCGA-56-8622,TCGA-56-8622-01A,Primary Tumor
c70afde9-ba58-47e4-aeec-508a8116418a,029a2c3e-0fd1-4cb4-9021-3947d28ca28d.rna_seq.augmented_star_gene_counts.tsv,TCGA-46-3766,TCGA-46-3766-01A,Primary Tumor
69537a05-0fdb-4e2b-8343-ae2169965aed,7c38a399-6670-41d0-87d6-503ba3f39ef7.rna_seq.augmented_star_gene_counts.tsv,TCGA-39-5034,TCGA-39-5034-01A,Primary Tumor
12d419ee-1f41-40c1-9c75-03fded456055,686c4b05-6c38-4246-b069-246feb088d5a.rna_seq.augmented_star_gene_counts.tsv,TCGA-63-5128,TCGA-63-5128-01A,Primary Tumor
a271ba96-1fd1-4152-ad5b-0b0fa67d0574,11c017a7-92d7-4c1f-a90a-3f7eb3cc9571.rna_seq.augmented_star_gene_counts.tsv,TCGA-85-A513,TCGA-85-A513-01A,Primary Tumor
98aaf3db-54ac-4bb9-bd0b-1ba897f7b389,d6659090-582f-4784-9356-97fe58fe9798.rna_seq.augmented_star_gene_counts.tsv,TCGA-22-5489,TCGA-22-5489-11A,Solid Tissue Normal
a3a53248-6292-412e-be21-28d6f8dc9a74,1c4d1ab3-9e95-4a14-849b-b0a2ba2b32cf.rna_seq.augmented_star_gene_counts.tsv,TCGA-77-8139,TCGA-77-8139-01A,Primary Tumor
2acf1776-9f3a-4fa4-a983-8ab127123434,cb34d915-1b13-4c29-ac2b-743ea3ea78ec.rna_seq.augmented_star_gene_counts.tsv,TCGA-37-3792,TCGA-37-3792-01A,Primary Tumor
1ce39b8e-6053-4e64-aae1-f857e1b029d1,ed41fe8b-fe2e-4bf3-91e3-2cf50ddcbc78.rna_seq.augmented_star_gene_counts.tsv,TCGA-18-3411,TCGA-18-3411-01A,Primary Tumor
0b91d17d-de8c-495e-b094-e571111b1e03,cabdc79a-8efe-4ddc-a256-854f9265bcda.rna_seq.augmented_star_gene_counts.tsv,TCGA-60-2709,TCGA-60-2709-01A,Primary Tumor
aea9f25d-825e-4e70-bef2-260b514b5f86,ac8931db-1d94-4301-952e-599717b5adf9.rna_seq.augmented_star_gene_counts.tsv,TCGA-77-A5G8,TCGA-77-A5G8-01B,Primary Tumor
7fff3f50-1510-4cea-a335-29814fe0ab10,a124b825-db72-4667-b83f-9454e506aecc.rna_seq.augmented_star_gene_counts.tsv,TCGA-85-A4PA,TCGA-85-A4PA-01A,Primary Tumor
efa06ac0-ad77-4be1-a131-e73033285d7b,df2d0059-e735-4871-96c9-89004db0561a.rna_seq.augmented_star_gene_counts.tsv,TCGA-46-3767,TCGA-46-3767-01A,Primary Tumor
b7e3f944-1ed2-4d04-a2dc-bf6ff06b5db7,6b4f8e00-03a3-4f9f-b1ef-435b0417d665.rna_seq.augmented_star_gene_counts.tsv,TCGA-77-7138,TCGA-77-7138-01A,Primary Tumor
18f7582b-048d-4ba2-8035-0a033435b24d,cd708e1f-f522-4736-9350-3d0a5b0cd4fb.rna_seq.augmented_star_gene_counts.tsv,TCGA-22-5489,TCGA-22-5489-01A,Primary Tumor
b246f559-0026-4ca2-97af-2a783e6609c3,1da7fef0-2c51-4851-8e8a-b726a35c2d7a.rna_seq.augmented_star_gene_counts.tsv,TCGA-56-8309,TCGA-56-8309-01A,Primary Tumor
e1f2dc8e-a550-404a-b2b1-b559f24270e6,b5e0f437-1b12-4d83-a0a1-b658bf36c5c1.rna_seq.augmented_star_gene_counts.tsv,TCGA-85-8072,TCGA-85-8072-01A,Primary Tumor
159c6763-6fc8-4ed6-b21d-7458b1289978,24ee17a9-b2e4-4058-a7b9-32d815f51cac.rna_seq.augmented_star_gene_counts.tsv,TCGA-22-5474,TCGA-22-5474-01A,Primary Tumor
741148a5-d9b6-412d-9dfe-a5ccd9717de5,0579a43e-3d6a-4b55-b7b6-e46f2f826a63.rna_seq.augmented_star_gene_counts.tsv,TCGA-85-A4CL,TCGA-85-A4CL-01A,Primary Tumor
343f1771-4a3d-4a03-9eb0-319dada0b373,042d1918-78a0-4655-a421-0c8b38538170.rna_seq.augmented_star_gene_counts.tsv,TCGA-85-A4QQ,TCGA-85-A4QQ-01A,Primary Tumor
6f0c63cb-fffb-4305-9e1a-ccb9ff5ea2cc,b4a13474-aff6-4025-b020-990a572eab05.rna_seq.augmented_star_gene_counts.tsv,TCGA-22-1016,TCGA-22-1016-01A,Primary Tumor
e4f1f5e7-b13d-4968-a6cc-b877f107e470,edf31bdf-694c-413e-97a8-3f4e6baea5cb.rna_seq.augmented_star_gene_counts.tsv,TCGA-LA-A7SW,TCGA-LA-A7SW-01A,Primary Tumor
c7574a06-b8b5-4f6b-a207-c8070d3e442e,8d94fc29-4c7f-4c6c-b28c-916893567907.rna_seq.augmented_star_gene_counts.tsv,TCGA-60-2725,TCGA-60-2725-01A,Primary Tumor
65f6be62-f7a5-4251-9937-0f46a424822f,c21f3274-ab6e-4272-98db-4d60c1f7c2a6.rna_seq.augmented_star_gene_counts.tsv,TCGA-56-7730,TCGA-56-7730-01A,Primary Tumor
4a5f6af0-e0d1-4657-9bdc-85eb6c31ffbb,e7ff7af5-c049-45ed-bd64-b6f28588444a.rna_seq.augmented_star_gene_counts.tsv,TCGA-56-7730,TCGA-56-7730-11A,Solid Tissue Normal
afa54e2a-f119-4729-9db4-9b98ba17ac44,1e8317d1-4bf5-4205-a280-1b7a6baa5d29.rna_seq.augmented_star_gene_counts.tsv,TCGA-85-A510,TCGA-85-A510-01A,Primary Tumor
ecfadce6-835a-44ae-a0d8-92a79f71e1d8,226f3cc5-3d90-4fcd-ad37-9f6dcb7b3679.rna_seq.augmented_star_gene_counts.tsv,TCGA-18-4083,TCGA-18-4083-01A,Primary Tumor
a4b51d89-f5bf-44c1-9822-9bd033709681,60438408-6d49-446f-a182-57732b78c6d8.rna_seq.augmented_star_gene_counts.tsv,TCGA-18-4083,TCGA-18-4083-01A,Primary Tumor
d29660d3-b3f7-4186-8c71-bebbabee600a,4a97b05e-92d4-49c2-92b7-e2959bc3baf2.rna_seq.augmented_star_gene_counts.tsv,TCGA-56-8309,TCGA-56-8309-11A,Solid Tissue Normal
c7806e11-290c-49e1-90ef-75941b441fce,c1d52374-fc57-4ffe-85df-8352ed9c736e.rna_seq.augmented_star_gene_counts.tsv,TCGA-34-7107,TCGA-34-7107-01A,Primary Tumor
a2541c72-d02f-4acb-8d35-537080c94ea8,61192f9b-94eb-49f4-b2b5-eafe75092930.rna_seq.augmented_star_gene_counts.tsv,TCGA-43-3394,TCGA-43-3394-01A,Primary Tumor
8c031ef8-4038-453e-a5e6-db3198657233,06cbd6ea-06b8-408f-96b3-aeff8b977b1e.rna_seq.augmented_star_gene_counts.tsv,TCGA-33-4538,TCGA-33-4538-01A,Primary Tumor
edb9cba3-6c54-4361-8920-583c0b2606aa,0dab5bf8-abc8-4fba-aa61-8f248378d942.rna_seq.augmented_star_gene_counts.tsv,TCGA-56-8307,TCGA-56-8307-01A,Primary Tumor
96c4cf1d-ca50-4abb-81fd-4eb090111a4c,5b2ab630-763b-4efa-9681-fc3c8f65aa2f.rna_seq.augmented_star_gene_counts.tsv,TCGA-34-5241,TCGA-34-5241-01A,Primary Tumor
ada4ae4b-1959-49a1-b3db-59675ba2ade0,1579c2d5-2873-473b-b299-19100bac3e9f.rna_seq.augmented_star_gene_counts.tsv,TCGA-96-A4JK,TCGA-96-A4JK-01A,Primary Tumor
df995d66-d541-42e4-935e-198829fbecb2,7348a0dd-4824-478c-95e9-fd7107c247b6.rna_seq.augmented_star_gene_counts.tsv,TCGA-37-4135,TCGA-37-4135-01A,Primary Tumor
9364cedf-16c0-4d5b-9ae9-2e5e3d3c8506,fc7a67a1-4af8-404c-a5fc-631ed33d0b45.rna_seq.augmented_star_gene_counts.tsv,TCGA-22-5480,TCGA-22-5480-01A,Primary Tumor
02a9936a-363e-4874-8f97-715a117973bd,b605621a-61c1-4542-b6c7-3f4729e68b9f.rna_seq.augmented_star_gene_counts.tsv,TCGA-92-8063,TCGA-92-8063-01A,Primary Tumor
3ceaa569-c317-4e2f-a8e5-77db311e6032,c041e95c-7dc7-4233-a91f-34821c98d662.rna_seq.augmented_star_gene_counts.tsv,TCGA-60-2709,TCGA-60-2709-11A,Solid Tissue Normal
8263ab47-6cd7-4460-a692-982a88a12ada,3ba0ce62-8e26-4a76-b1b2-117e9004662f.rna_seq.augmented_star_gene_counts.tsv,TCGA-21-5784,TCGA-21-5784-01A,Primary Tumor
9d26a39d-2a0e-44d5-b71e-daa141f5bb83,17f3878a-810e-4487-b862-36f848946fdc.rna_seq.augmented_star_gene_counts.tsv,TCGA-85-8276,TCGA-85-8276-01A,Primary Tumor
2ca334ad-b3a2-4d1e-871b-85ffda291a43,138a59d3-ccab-4bb2-ae53-c46b1db766a0.rna_seq.augmented_star_gene_counts.tsv,TCGA-96-8169,TCGA-96-8169-01A,Primary Tumor
8af8a3a5-8f98-4e93-abf5-bb401716bbed,aea2f863-1b45-404f-9a46-afb85ff47f02.rna_seq.augmented_star_gene_counts.tsv,TCGA-60-2726,TCGA-60-2726-01A,Primary Tumor
0570d9f9-d665-408c-b30b-66212ddaf838,f8609415-9d7c-4903-a088-1852f68fc971.rna_seq.augmented_star_gene_counts.tsv,TCGA-33-AASI,TCGA-33-AASI-01A,Primary Tumor
0889a6ea-a12a-4cc9-bec5-3103a3cdbba3,1fe2c91b-af3e-40f7-858d-9ed0faccbbe3.rna_seq.augmented_star_gene_counts.tsv,TCGA-22-1016,TCGA-22-1016-01A,Primary Tumor
6b3887e7-fbf3-402a-bd2d-895ad964dfbe,e37593fe-84a2-427d-88fc-1141f11f2649.rna_seq.augmented_star_gene_counts.tsv,TCGA-56-7223,TCGA-56-7223-01A,Primary Tumor
808d3c9f-b9df-4b77-8a42-fbb82786d282,35003294-55e8-4fb5-bdd4-ac8207cf2998.rna_seq.augmented_star_gene_counts.tsv,TCGA-52-7622,TCGA-52-7622-01A,Primary Tumor
e2445ad6-2a6a-4ec3-84d8-93cc3c180a58,498f8ac7-6645-45b1-8b58-d450c838eae2.rna_seq.augmented_star_gene_counts.tsv,TCGA-22-1012,TCGA-22-1012-01A,Primary Tumor
cc13dbbd-b93d-4350-9bfe-b22bbce316fe,01fedc3d-9c6f-45c5-be81-c098299f6f9f.rna_seq.augmented_star_gene_counts.tsv,TCGA-NC-A5HQ,TCGA-NC-A5HQ-01A,Primary Tumor
d64e9bd5-868a-4c9b-89a2-5510f4319c75,37b8f665-3b34-46b9-96da-fcb0ce078432.rna_seq.augmented_star_gene_counts.tsv,TCGA-52-7812,TCGA-52-7812-01A,Primary Tumor
460ef0b3-7898-4f4d-94a0-21a6aa7440e1,a5b6ff9c-a3b0-4069-a135-9286fd9814e8.rna_seq.augmented_star_gene_counts.tsv,TCGA-56-A4BY,TCGA-56-A4BY-01A,Primary Tumor
a6e85696-c0ad-45b1-aa18-7293346d30f1,ebbbd946-8af3-464c-8bae-e9c8a889d9b3.rna_seq.augmented_star_gene_counts.tsv,TCGA-33-6738,TCGA-33-6738-01A,Primary Tumor
ba47cbb5-556b-490b-af63-a5005ee42f11,2bfa31db-ff7b-4ba0-8412-c5b9c517e3c1.rna_seq.augmented_star_gene_counts.tsv,TCGA-21-5782,TCGA-21-5782-01A,Primary Tumor
f134bb5f-7ea6-4a38-85a9-150bb7c2eccc,7dfae289-3d0e-4879-8b82-0a59febef625.rna_seq.augmented_star_gene_counts.tsv,TCGA-33-4533,TCGA-33-4533-01A,Primary Tumor
4fa865be-49fe-48f8-9e87-e09168572af4,2830f392-1aeb-4556-9171-8eada8761cc8.rna_seq.augmented_star_gene_counts.tsv,TCGA-34-7107,TCGA-34-7107-11A,Solid Tissue Normal
fb5fc040-9f48-4eb6-89b3-9c0407222201,ca2b737e-2db0-4e74-baee-c0d40ff76382.rna_seq.augmented_star_gene_counts.tsv,TCGA-22-4613,TCGA-22-4613-01A,Primary Tumor
db0b0468-4b6d-4d6c-a16e-0a28b5798ea9,6b267f00-73c0-4657-a61e-e552eef5b432.rna_seq.augmented_star_gene_counts.tsv,TCGA-85-6561,TCGA-85-6561-01A,Primary Tumor
e1177e7d-4621-475a-a48f-33e833a4dfbb,01f19270-5df9-42c5-a29b-9623486d2441.rna_seq.augmented_star_gene_counts.tsv,TCGA-60-2723,TCGA-60-2723-01A,Primary Tumor
477a2b9e-22f2-47f8-9cc9-9e10f0eec04e,6a994238-296a-4047-a8d4-e2eed5dd7bfc.rna_seq.augmented_star_gene_counts.tsv,TCGA-77-A5GF,TCGA-77-A5GF-01A,Primary Tumor
2b600b63-198b-43af-844d-ca9629b8e508,7999ce36-cdcf-41a8-bde7-6f519e619857.rna_seq.augmented_star_gene_counts.tsv,TCGA-70-6723,TCGA-70-6723-01A,Primary Tumor
0bfe52ec-dbe3-44e7-8c14-78391445537c,ab2da4c5-955f-4072-8021-6d2a617089db.rna_seq.augmented_star_gene_counts.tsv,TCGA-77-7141,TCGA-77-7141-01A,Primary Tumor
5ae6a0f5-4613-450d-8be0-9a126f4eea1f,2dab1294-36b0-438c-8dda-b97e17f03eed.rna_seq.augmented_star_gene_counts.tsv,TCGA-33-A5GW,TCGA-33-A5GW-01A,Primary Tumor
c3ecd703-d8a8-4f30-aff7-9ba12b40ac70,1827bc9b-0b11-493a-af09-17d13f57698a.rna_seq.augmented_star_gene_counts.tsv,TCGA-33-AAS8,TCGA-33-AAS8-01A,Primary Tumor
6cfe7a85-006a-4eec-88bf-c80bfdfc45f5,fad27069-6285-4999-9de7-5a579c2c78e4.rna_seq.augmented_star_gene_counts.tsv,TCGA-18-3415,TCGA-18-3415-01A,Primary Tumor
85c794c1-3fd0-4a10-a613-9db7eff3c78f,2f03d42e-9735-4edb-87d9-ec443b7801a5.rna_seq.augmented_star_gene_counts.tsv,TCGA-49-4514,TCGA-49-4514-01A,Primary Tumor
864c2830-c699-433c-bcba-20f0c692854a,aa764c7d-2e26-4e8c-94d3-870772bad93f.rna_seq.augmented_star_gene_counts.tsv,TCGA-55-A490,TCGA-55-A490-01A,Primary Tumor
e824e07e-86cd-43eb-8f36-c60f36194f3c,bae79640-8273-42a2-913e-3d29e00ccc4f.rna_seq.augmented_star_gene_counts.tsv,TCGA-49-4488,TCGA-49-4488-01A,Primary Tumor
89785c02-2345-4fa3-b73b-4d9da706c972,e6992421-f34c-4a68-a218-d53f56d0f562.rna_seq.augmented_star_gene_counts.tsv,TCGA-75-7030,TCGA-75-7030-01A,Primary Tumor
72d9c332-92e3-4f9c-899d-1de9969b1bd6,6667948a-1834-4572-a1b3-3bc9096650e8.rna_seq.augmented_star_gene_counts.tsv,TCGA-78-7542,TCGA-78-7542-01A,Primary Tumor
4c37a5fe-812f-42ac-aa56-259b31df6894,482e60ad-222e-4ead-8a3c-a3b44e54aa5e.rna_seq.augmented_star_gene_counts.tsv,TCGA-55-A494,TCGA-55-A494-01A,Primary Tumor
3c0ce8a7-a730-4f1a-9e03-335b3e36849b,e2f47d3a-0e1a-47cb-a53f-697e2a3cb89b.rna_seq.augmented_star_gene_counts.tsv,TCGA-49-4494,TCGA-49-4494-01A,Primary Tumor
7abd9747-a947-4b15-b51c-c82cda9f065c,731c955b-e1e8-462a-9c94-64310f2d7eae.rna_seq.augmented_star_gene_counts.tsv,TCGA-MN-A4N4,TCGA-MN-A4N4-01A,Primary Tumor
4e27513c-172b-4d19-a397-ade6df353e6c,20ecdb2d-16ad-437b-ac0e-b84339c769a6.rna_seq.augmented_star_gene_counts.tsv,TCGA-97-A4M0,TCGA-97-A4M0-01A,Primary Tumor
0d1f21df-73b3-4dd0-9ad4-fd5c7a5d2424,bcc5593d-3d16-4d6f-a1b9-854423ede69e.rna_seq.augmented_star_gene_counts.tsv,TCGA-49-6742,TCGA-49-6742-11A,Solid Tissue Normal
4320b770-69f3-4dd2-afea-8b7f7cdf44c2,32e5ef2b-4387-4d2c-8e62-d18b5106414f.rna_seq.augmented_star_gene_counts.tsv,TCGA-73-4676,TCGA-73-4676-01A,Primary Tumor
c69e8ef1-57a7-439a-9b05-66f14b019322,be547f27-5157-4947-ad2a-c9d006dedabd.rna_seq.augmented_star_gene_counts.tsv,TCGA-44-7670,TCGA-44-7670-01A,Primary Tumor
4297f902-2495-48fb-af36-31e61f727215,d2bf5f92-08f4-492e-96c2-399262f96828.rna_seq.augmented_star_gene_counts.tsv,TCGA-05-4427,TCGA-05-4427-01A,Primary Tumor
0e6fc8f1-34ca-4f3b-9d71-5a867e5efb07,4b6c958a-7e20-4b88-b30a-2406b123c8c1.rna_seq.augmented_star_gene_counts.tsv,TCGA-97-8177,TCGA-97-8177-01A,Primary Tumor
505bfb1f-dc96-4f7e-ba2c-8e20eb0e1f6c,8b3aec43-4c75-4598-bf0a-168f7ffb9f3b.rna_seq.augmented_star_gene_counts.tsv,TCGA-64-1680,TCGA-64-1680-01A,Primary Tumor
7cb19688-bac4-41bf-b69e-977ac0da0aa1,aeea81c2-afda-410d-a0bb-955e7cddda09.rna_seq.augmented_star_gene_counts.tsv,TCGA-38-A44F,TCGA-38-A44F-01A,Primary Tumor
0c09a94d-8885-49fb-91c1-aa0ebf52386a,f57240f6-a5e4-4a9f-81d7-b59616d865dd.rna_seq.augmented_star_gene_counts.tsv,TCGA-86-A4P7,TCGA-86-A4P7-01A,Primary Tumor
c48eecc3-0099-4dd4-b319-f13ad65bdc7e,888e2a67-2478-4680-9b48-163789783c7b.rna_seq.augmented_star_gene_counts.tsv,TCGA-49-6743,TCGA-49-6743-11A,Solid Tissue Normal
9db8b103-5f3a-439b-993c-14879744c30a,7f9b4506-b00b-4b6f-8469-d0e4a73df1d4.rna_seq.augmented_star_gene_counts.tsv,TCGA-49-6745,TCGA-49-6745-01A,Primary Tumor
24079217-3899-4843-81fc-638293771d93,c6bc9e5e-4116-4179-9a22-b75fc6bea73e.rna_seq.augmented_star_gene_counts.tsv,TCGA-49-6745,TCGA-49-6745-11A,Solid Tissue Normal
dd6ec250-8d4d-4129-9664-7451c1760f4b,34774d7b-1184-4b5f-b6a9-e16c428ca7ce.rna_seq.augmented_star_gene_counts.tsv,TCGA-86-8076,TCGA-86-8076-01A,Primary Tumor
2e0c7cfb-2794-4c86-b43e-8215c39186d8,882d1be3-1f82-41e7-8538-1ef513efef32.rna_seq.augmented_star_gene_counts.tsv,TCGA-05-4402,TCGA-05-4402-01A,Primary Tumor
db07bd22-cf7a-4504-9491-1bdeb1e14339,c29e5bb3-860d-4f1f-b27d-ae5b9d8c4208.rna_seq.augmented_star_gene_counts.tsv,TCGA-44-5643,TCGA-44-5643-01A,Primary Tumor
deb2d529-5ea7-4a41-be07-f9239d7ac759,5d081953-cf3a-40cb-95bf-f418ed3879ac.rna_seq.augmented_star_gene_counts.tsv,TCGA-S2-AA1A,TCGA-S2-AA1A-01A,Primary Tumor
d23c89e5-b295-40b7-a5e8-ee1d4a584dd4,dd6e2735-7d83-4bc4-87b3-05a5d7f08caa.rna_seq.augmented_star_gene_counts.tsv,TCGA-71-8520,TCGA-71-8520-01A,Primary Tumor
8a2d17e2-4ec1-42b6-8825-6d80ffe4b916,c55c7a04-580b-43e3-b138-f83bd3003875.rna_seq.augmented_star_gene_counts.tsv,TCGA-97-7553,TCGA-97-7553-01A,Primary Tumor
1120d776-47df-4f72-862e-427d3c44dd43,ec99ae0d-704e-481d-bc90-7b553075a845.rna_seq.augmented_star_gene_counts.tsv,TCGA-53-7624,TCGA-53-7624-01A,Primary Tumor
a9e3a464-50ea-49a0-9482-1513ed167bf4,6804af50-1b4f-4872-83b8-bae24d398cb4.rna_seq.augmented_star_gene_counts.tsv,TCGA-L9-A7SV,TCGA-L9-A7SV-01A,Primary Tumor
eac45bfd-6795-47a4-8d6b-5a7c8bc76cd1,a3069465-cb5b-43ef-aad9-73af4534b795.rna_seq.augmented_star_gene_counts.tsv,TCGA-49-4490,TCGA-49-4490-11A,Solid Tissue Normal
1c5de7db-7e05-4289-ace6-b59b6e2392e7,e0e9a0df-7052-4d42-b3fd-10ee23ceae62.rna_seq.augmented_star_gene_counts.tsv,TCGA-86-A4P8,TCGA-86-A4P8-01A,Primary Tumor
fc757476-1d31-470b-b648-79608b201bdc,156a175b-b419-4089-8541-7318e3dee78a.rna_seq.augmented_star_gene_counts.tsv,TCGA-MP-A4TJ,TCGA-MP-A4TJ-01A,Primary Tumor
8fadb6d4-de92-4301-9b6e-7dd857fec978,e9efd91b-8824-456b-b650-1d0287efbbe8.rna_seq.augmented_star_gene_counts.tsv,TCGA-95-7039,TCGA-95-7039-01A,Primary Tumor
0765d9e8-0fec-46bc-832a-89945435d5b1,78bf9571-4145-4c0d-a61a-58a878351097.rna_seq.augmented_star_gene_counts.tsv,TCGA-L9-A50W,TCGA-L9-A50W-01A,Primary Tumor
