case,label,t,event,stage,age,gender
TCGA-50-5939,LUAD,1.2594113620807665,1,Stage IB,85,
TCGA-05-4402,LUAD,0.6680355920602327,1,Stage IV,56,
TCGA-73-4677,LUAD,0.10403832991101986,1,,74,
TCGA-49-4505,LUAD,1.1718001368925393,1,Stage IIB,61,
TCGA-49-4512,LUAD,2.4777549623545516,1,Stage IIIA,69,
TCGA-MP-A4T4,LUAD,7.1649555099247095,1,Stage IIB,68,
TCGA-55-A490,LUAD,0.27104722792607805,1,Stage IIA,78,
TCGA-71-8520,LUAD,0.5749486652977412,1,Stage IB,60,
TCGA-49-4494,LUAD,2.9596167008898013,1,Stage IIIA,77,
TCGA-49-4488,LUAD,2.379192334017796,1,Stage IA,74,
TCGA-78-7542,LUAD,0.8788501026694046,1,Stage IB,56,
TCGA-44-4112,LUAD,2.212183436002738,1,Stage IB,60,
TCGA-49-4490,LUAD,1.054072553045859,1,Stage IIIA,45,
TCGA-33-4538,LUSC,8.15605749486653,1,Stage IIIA,66,
TCGA-96-A4JK,LUSC,1.6125941136208077,0,Stage IIA,65,
TCGA-21-A5DI,LUSC,2.6803559206023273,0,Stage IA,77,
TCGA-60-2715,LUSC,2.943189596167009,1,Stage IA,51,
TCGA-60-2698,LUSC,0.8514715947980835,1,Stage IIB,62,
TCGA-37-4135,LUSC,0.5667351129363449,0,Stage IB,68,
TCGA-22-5480,LUSC,5.94113620807666,1,Stage IA,66,
TCGA-85-A513,LUSC,2.4914442162902124,0,Stage IA,60,
TCGA-60-2709,LUSC,4.120465434633813,0,Stage IB,69,
TCGA-77-7141,LUSC,0.04106776180698152,0,Stage IB,64,
TCGA-98-A53H,LUSC,1.6919917864476386,0,Stage IA,76,
TCGA-85-8072,LUSC,2.5516769336071183,0,Stage IA,60,
TCGA-22-1012,LUSC,1.1745379876796715,1,Stage IB,80,
TCGA-46-3767,LUSC,1.0841889117043122,0,Stage IA,76,
TCGA-77-A5G8,LUSC,5.158110882956879,0,Stage IIB,70,
TCGA-22-4595,LUSC,2.0095824777549622,1,Stage IIIA,57,
TCGA-52-7812,LUSC,2.2861054072553046,1,,68,
TCGA-85-A4QQ,LUSC,2.537987679671458,1,Stage IB,68,
TCGA-77-8144,LUSC,2.2806297056810405,0,Stage IB,70,
TCGA-56-7730,LUSC,0.5420944558521561,1,Stage IIA,73,
TCGA-33-A5GW,LUSC,0.024640657084188913,1,Stage IIA,67,
TCGA-22-4613,LUSC,0.9801505817932923,1,Stage IA,73,
TCGA-37-3792,LUSC,0.03285420944558522,0,Stage IB,69,
TCGA-18-3415,LUSC,7.67419575633128,1,Stage IB,77,
TCGA-60-2726,LUSC,0.9801505817932923,1,Stage IIA,56,
TCGA-85-8350,LUSC,1.8699520876112252,0,Stage IA,61,
TCGA-85-8276,LUSC,2.8747433264887063,0,Stage IIA,62,
TCGA-18-3411,LUSC,9.790554414784394,0,Stage IIIA,63,
TCGA-77-7138,LUSC,0.9308692676249144,1,Stage IB,67,
TCGA-21-5782,LUSC,2.6338124572210813,1,Stage IB,68,
TCGA-60-2725,LUSC,2.2340862422997945,0,Stage IB,74,
TCGA-56-8622,LUSC,0.15058179329226556,0,Stage IB,68,
TCGA-46-3766,LUSC,1.0130047912388775,0,Stage IA,62,
TCGA-85-8664,LUSC,1.5058179329226558,1,Stage IIB,73,
TCGA-LA-A7SW,LUSC,1.1170431211498972,1,Stage IIIA,71,
TCGA-43-5668,LUSC,1.5304585900068446,1,Stage IIA,78,
TCGA-33-4533,LUSC,11.137577002053389,0,Stage IB,76,
TCGA-18-4083,LUSC,0.5147159479808351,1,Stage IIB,63,
TCGA-60-2714,LUSC,4.191649555099247,0,Stage IIB,66,
TCGA-56-7223,LUSC,1.2101300479123889,1,Stage IIIA,66,
TCGA-22-5489,LUSC,5.234770704996578,1,Stage IA,64,
TCGA-52-7622,LUSC,2.3600273785078714,0,Stage IA,62,
TCGA-22-0940,LUSC,1.8316221765913758,1,Stage IIA,71,
TCGA-92-8063,LUSC,0.33401779603011633,0,Stage IIIA,52,
TCGA-43-A475,LUSC,0.810403832991102,0,Stage IIB,67,
TCGA-77-8139,LUSC,8.668035592060233,0,Stage IIB,72,
TCGA-21-5784,LUSC,3.4715947980835042,0,Stage IB,80,
TCGA-NC-A5HQ,LUSC,1.2265571526351813,1,Stage IIIA,70,
TCGA-56-8309,LUSC,1.1718001368925393,0,Stage IA,66,
TCGA-85-8580,LUSC,3.047227926078029,0,Stage IB,52,
TCGA-22-5474,LUSC,1.218343600273785,1,Stage IB,74,
TCGA-85-A4PA,LUSC,2.028747433264887,0,Stage IB,61,
TCGA-34-7107,LUSC,0.09308692676249145,1,Stage II,70,
TCGA-85-8355,LUSC,0.16700889801505817,0,Stage IA,63,
TCGA-43-3394,LUSC,3.2580424366872007,1,Stage IB,52,
TCGA-85-A4CL,LUSC,2.521560574948665,1,Stage IA,65,
TCGA-56-8307,LUSC,2.239561943874059,0,Stage IIB,55,
TCGA-33-AAS8,LUSC,3.049965776865161,1,Stage IA,59,
TCGA-33-AASI,LUSC,3.679671457905544,1,Stage IIB,65,
TCGA-39-5034,LUSC,3.030800821355236,1,Stage IIB,73,
TCGA-85-A510,LUSC,1.319644079397673,0,Stage IIB,74,
TCGA-56-A4BY,LUSC,1.486652977412731,1,Stage IB,66,
TCGA-85-6561,LUSC,3.351129363449692,0,Stage IB,66,
TCGA-43-A56U,LUSC,1.1827515400410678,0,Stage IA,76,
TCGA-33-6738,LUSC,5.27583846680356,0,Stage IIIA,80,
TCGA-96-8169,LUSC,1.5249828884325805,0,Stage IA,67,
TCGA-34-5241,LUSC,1.4099931553730323,1,Stage IB,79,
TCGA-85-6798,LUSC,0.5338809034907598,1,Stage IIIA,57,
TCGA-22-1016,LUSC,2.2505133470225873,1,Stage IB,65,
TCGA-77-A5GF,LUSC,2.299794661190965,1,Stage IIA,70,
TCGA-70-6722,LUSC,1.0047912388774811,0,Stage IIIA,47,
TCGA-60-2723,LUSC,2.9897330595482545,0,Stage IB,74,
TCGA-70-6723,LUSC,1.0266940451745379,0,Stage IIA,65,
TCGA-38-4630,LUAD,2.937713894592745,1,Stage IB,75,
TCGA-49-6742,LUAD,1.3360711841204653,1,Stage IIA,70,
TCGA-73-4676,LUAD,0.7693360711841205,1,Stage IIA,45,
TCGA-MP-A4T8,LUAD,0.4407939767282683,1,Stage IIIA,68,
TCGA-MP-A4TJ,LUAD,0.9281314168377823,1,Stage IA,62,
TCGA-MP-A4TC,LUAD,0.2026009582477755,1,Stage IIIA,77,
TCGA-78-8662,LUAD,9.201916495550993,1,Stage IB,53,
TCGA-50-5045,LUAD,5.952087611225188,1,,57,
TCGA-L9-A50W,LUAD,1.2101300479123889,1,Stage IIA,75,
TCGA-86-8055,LUAD,0.3394934976043806,1,Stage IIA,79,
TCGA-93-A4JO,LUAD,0.09034907597535935,1,Stage IA,70,
TCGA-78-7535,LUAD,2.598220396988364,1,Stage IB,45,
TCGA-53-7624,LUAD,2.855578370978782,1,Stage IV,40,
