case_id,label,tss,age,sex,stage,stage_roman,stage_group,stage_ord,os_days,os_event,os_source,os_missing,os_years
TCGA-50-5939,LUAD,50,85.0,male,Stage IB,I,I,1.0,460.0,1.0,GDC,,1.2594113620807665
TCGA-44-7670,LUAD,44,47.0,female,Stage IIA,II,II,2.0,,,GDC,Alive 但无任何随访天数,
TCGA-05-4402,LUAD,05,56.0,female,Stage IV,IV,III-IV,4.0,244.0,1.0,GDC,,0.6680355920602327
TCGA-55-8302,LUAD,55,54.0,male,Stage IB,I,I,1.0,,,GDC,Alive 但无任何随访天数,
TCGA-73-4677,LUAD,73,74.0,male,,,,,38.0,1.0,GDC,,0.10403832991101986
TCGA-NJ-A55O,LUAD,NJ,56.0,female,Stage IIA,II,II,2.0,,,GDC,Alive 但无任何随访天数,
TCGA-49-4505,LUAD,49,61.0,female,Stage IIB,II,II,2.0,428.0,1.0,GDC,,1.1718001368925393
TCGA-97-8177,LUAD,97,59.0,female,Stage IB,I,I,1.0,,,GDC,Alive 但无任何随访天数,
TCGA-86-A4P7,LUAD,86,63.0,female,Stage IB,I,I,1.0,,,GDC,Alive 但无任何随访天数,
TCGA-69-8453,LUAD,69,77.0,male,Stage IIB,II,II,2.0,,,GDC,Alive 但无任何随访天数,
TCGA-49-4512,LUAD,49,69.0,female,Stage IIIA,III,III-IV,3.0,905.0,1.0,GDC,,2.4777549623545516
TCGA-05-4417,LUAD,05,51.0,female,Stage IB,I,I,1.0,,,GDC,Alive 但无任何随访天数,
TCGA-49-6743,LUAD,49,81.0,female,Stage IIIA,III,III-IV,3.0,,,GDC,Alive 但无任何随访天数,
TCGA-44-5643,LUAD,44,53.0,male,Stage IIIA,III,III-IV,3.0,,,GDC,Alive 但无任何随访天数,
TCGA-MP-A4T4,LUAD,MP,68.0,female,Stage IIB,II,II,2.0,2617.0,1.0,GDC,,7.1649555099247095
TCGA-55-A494,LUAD,55,61.0,female,Stage IB,I,I,1.0,,,GDC,Alive 但无任何随访天数,
TCGA-S2-AA1A,LUAD,S2,68.0,female,Stage IA,I,I,1.0,,,GDC,Alive 但无任何随访天数,
TCGA-50-5066,LUAD,50,72.0,male,Stage IB,I,I,1.0,,,GDC,Alive 但无任何随访天数,
TCGA-97-A4M6,LUAD,97,45.0,female,Stage IA,I,I,1.0,,,GDC,Alive 但无任何随访天数,
TCGA-97-A4M2,LUAD,97,66.0,male,Stage IA,I,I,1.0,,,GDC,Alive 但无任何随访天数,
TCGA-55-A490,LUAD,55,78.0,male,Stage IIA,II,II,2.0,99.0,1.0,GDC,,0.27104722792607805
TCGA-71-8520,LUAD,71,60.0,female,Stage IB,I,I,1.0,210.0,1.0,GDC,,0.5749486652977412
TCGA-55-A492,LUAD,55,70.0,female,Stage IA,I,I,1.0,,,GDC,Alive 但无任何随访天数,
TCGA-95-7567,LUAD,95,61.0,male,Stage IIB,II,II,2.0,,,GDC,Alive 但无任何随访天数,
TCGA-49-4494,LUAD,49,77.0,male,Stage IIIA,III,III-IV,3.0,1081.0,1.0,GDC,,2.9596167008898013
TCGA-05-4420,LUAD,05,41.0,male,Stage IB,I,I,1.0,,,GDC,Alive 但无任何随访天数,
TCGA-44-2656,LUAD,44,59.0,male,Stage IB,I,I,1.0,,,GDC,Alive 但无任何随访天数,
TCGA-MN-A4N4,LUAD,MN,57.0,male,Stage IA,I,I,1.0,,,GDC,Alive 但无任何随访天数,
TCGA-86-8074,LUAD,86,62.0,female,Stage IIA,II,II,2.0,,,GDC,Alive 但无任何随访天数,
TCGA-49-4488,LUAD,49,74.0,female,Stage IA,I,I,1.0,869.0,1.0,GDC,,2.379192334017796
TCGA-97-A4M0,LUAD,97,60.0,female,Stage IB,I,I,1.0,,,GDC,Alive 但无任何随访天数,
TCGA-75-7030,LUAD,75,,male,Stage IIB,II,II,2.0,,,GDC,Alive 但无任何随访天数,
TCGA-97-A4M3,LUAD,97,69.0,female,Stage IA,I,I,1.0,,,GDC,Alive 但无任何随访天数,
TCGA-78-7542,LUAD,78,56.0,male,Stage IB,I,I,1.0,321.0,1.0,GDC,,0.8788501026694046
TCGA-86-A4P8,LUAD,86,59.0,female,Stage IIIA,III,III-IV,3.0,,,GDC,Alive 但无任何随访天数,
TCGA-55-8514,LUAD,55,70.0,female,Stage IB,I,I,1.0,,,GDC,Alive 但无任何随访天数,
TCGA-44-4112,LUAD,44,60.0,female,Stage IB,I,I,1.0,808.0,1.0,GDC,,2.212183436002738
TCGA-49-4490,LUAD,49,45.0,female,Stage IIIA,III,III-IV,3.0,385.0,1.0,GDC,,1.054072553045859
TCGA-33-4538,LUSC,33,66.0,male,Stage IIIA,III,III-IV,3.0,2979.0,1.0,GDC,,8.15605749486653
TCGA-96-A4JK,LUSC,96,65.0,male,Stage IIA,II,II,2.0,589.0,0.0,GDC,,1.6125941136208077
TCGA-21-A5DI,LUSC,21,77.0,male,Stage IA,I,I,1.0,979.0,0.0,GDC,,2.6803559206023273
TCGA-60-2715,LUSC,60,51.0,male,Stage IA,I,I,1.0,1075.0,1.0,GDC,,2.943189596167009
TCGA-60-2698,LUSC,60,62.0,male,Stage IIB,II,II,2.0,311.0,1.0,GDC,,0.8514715947980835
TCGA-37-4135,LUSC,37,68.0,male,Stage IB,I,I,1.0,207.0,0.0,GDC,,0.5667351129363449
TCGA-22-5480,LUSC,22,66.0,female,Stage IA,I,I,1.0,2170.0,1.0,GDC,,5.94113620807666
TCGA-85-A513,LUSC,85,60.0,female,Stage IA,I,I,1.0,910.0,0.0,GDC,,2.4914442162902124
TCGA-60-2709,LUSC,60,69.0,male,Stage IB,I,I,1.0,1505.0,0.0,GDC,,4.120465434633813
TCGA-77-7141,LUSC,77,64.0,male,Stage IB,I,I,1.0,15.0,0.0,GDC,,0.04106776180698152
TCGA-98-A53H,LUSC,98,76.0,female,Stage IA,I,I,1.0,618.0,0.0,GDC,,1.6919917864476386
TCGA-85-8072,LUSC,85,60.0,male,Stage IA,I,I,1.0,932.0,0.0,GDC,,2.5516769336071183
TCGA-22-1012,LUSC,22,80.0,female,Stage IB,I,I,1.0,429.0,1.0,GDC,,1.1745379876796715
TCGA-46-3767,LUSC,46,76.0,male,Stage IA,I,I,1.0,396.0,0.0,GDC,,1.0841889117043122
TCGA-77-A5G8,LUSC,77,70.0,male,Stage IIB,II,II,2.0,1884.0,0.0,GDC,,5.158110882956879
TCGA-22-4595,LUSC,22,57.0,male,Stage IIIA,III,III-IV,3.0,734.0,1.0,GDC,,2.0095824777549622
TCGA-52-7812,LUSC,52,68.0,male,,,,,835.0,1.0,GDC,,2.2861054072553046
TCGA-85-A4QQ,LUSC,85,68.0,male,Stage IB,I,I,1.0,927.0,1.0,GDC,,2.537987679671458
TCGA-77-8144,LUSC,77,70.0,male,Stage IB,I,I,1.0,833.0,0.0,GDC,,2.2806297056810405
TCGA-56-7730,LUSC,56,73.0,male,Stage IIA,II,II,2.0,198.0,1.0,GDC,,0.5420944558521561
TCGA-33-A5GW,LUSC,33,67.0,male,Stage IIA,II,II,2.0,9.0,1.0,GDC,,0.024640657084188913
TCGA-22-4613,LUSC,22,73.0,female,Stage IA,I,I,1.0,358.0,1.0,GDC,,0.9801505817932923
TCGA-37-3792,LUSC,37,69.0,male,Stage IB,I,I,1.0,12.0,0.0,GDC,,0.03285420944558522
TCGA-18-3415,LUSC,18,77.0,male,Stage IB,I,I,1.0,2803.0,1.0,GDC,,7.67419575633128
TCGA-60-2726,LUSC,60,56.0,male,Stage IIA,II,II,2.0,358.0,1.0,GDC,,0.9801505817932923
TCGA-85-8350,LUSC,85,61.0,male,Stage IA,I,I,1.0,683.0,0.0,GDC,,1.8699520876112252
TCGA-85-8276,LUSC,85,62.0,male,Stage IIA,II,II,2.0,1050.0,0.0,GDC,,2.8747433264887063
TCGA-18-3411,LUSC,18,63.0,female,Stage IIIA,III,III-IV,3.0,3576.0,0.0,GDC,,9.790554414784394
TCGA-77-7138,LUSC,77,67.0,male,Stage IB,I,I,1.0,340.0,1.0,GDC,,0.9308692676249144
TCGA-21-5782,LUSC,21,68.0,female,Stage IB,I,I,1.0,962.0,1.0,GDC,,2.6338124572210813
TCGA-60-2725,LUSC,60,74.0,male,Stage IB,I,I,1.0,816.0,0.0,GDC,,2.2340862422997945
TCGA-56-8622,LUSC,56,68.0,male,Stage IB,I,I,1.0,55.0,0.0,GDC,,0.15058179329226556
TCGA-46-3766,LUSC,46,62.0,female,Stage IA,I,I,1.0,370.0,0.0,GDC,,1.0130047912388775
TCGA-85-8664,LUSC,85,73.0,male,Stage IIB,II,II,2.0,550.0,1.0,GDC,,1.5058179329226558
TCGA-LA-A7SW,LUSC,LA,71.0,male,Stage IIIA,III,III-IV,3.0,408.0,1.0,GDC,,1.1170431211498972
TCGA-43-5668,LUSC,43,78.0,male,Stage IIA,II,II,2.0,559.0,1.0,GDC,,1.5304585900068446
TCGA-33-4533,LUSC,33,76.0,female,Stage IB,I,I,1.0,4068.0,0.0,GDC,,11.137577002053389
TCGA-18-4083,LUSC,18,63.0,male,Stage IIB,II,II,2.0,188.0,1.0,GDC,,0.5147159479808351
TCGA-60-2714,LUSC,60,66.0,female,Stage IIB,II,II,2.0,1531.0,0.0,GDC,,4.191649555099247
TCGA-56-7223,LUSC,56,66.0,male,Stage IIIA,III,III-IV,3.0,442.0,1.0,GDC,,1.2101300479123889
TCGA-22-5489,LUSC,22,64.0,male,Stage IA,I,I,1.0,1912.0,1.0,GDC,,5.234770704996578
TCGA-52-7622,LUSC,52,62.0,female,Stage IA,I,I,1.0,862.0,0.0,GDC,,2.3600273785078714
TCGA-22-0940,LUSC,22,71.0,male,Stage IIA,II,II,2.0,669.0,1.0,GDC,,1.8316221765913758
TCGA-92-8063,LUSC,92,52.0,male,Stage IIIA,III,III-IV,3.0,122.0,0.0,GDC,,0.33401779603011633
TCGA-43-A475,LUSC,43,67.0,female,Stage IIB,II,II,2.0,296.0,0.0,GDC,,0.810403832991102
TCGA-77-8139,LUSC,77,72.0,male,Stage IIB,II,II,2.0,3166.0,0.0,GDC,,8.668035592060233
TCGA-21-5784,LUSC,21,80.0,female,Stage IB,I,I,1.0,1268.0,0.0,GDC,,3.4715947980835042
TCGA-NC-A5HQ,LUSC,NC,70.0,male,Stage IIIA,III,III-IV,3.0,448.0,1.0,GDC,,1.2265571526351813
TCGA-56-8309,LUSC,56,66.0,male,Stage IA,I,I,1.0,428.0,0.0,GDC,,1.1718001368925393
TCGA-85-8580,LUSC,85,52.0,female,Stage IB,I,I,1.0,1113.0,0.0,GDC,,3.047227926078029
TCGA-22-5474,LUSC,22,74.0,male,Stage IB,I,I,1.0,445.0,1.0,GDC,,1.218343600273785
TCGA-85-A4PA,LUSC,85,61.0,male,Stage IB,I,I,1.0,741.0,0.0,GDC,,2.028747433264887
TCGA-34-7107,LUSC,34,70.0,male,Stage II,II,II,2.0,34.0,1.0,GDC,,0.09308692676249145
TCGA-85-8355,LUSC,85,63.0,male,Stage IA,I,I,1.0,61.0,0.0,GDC,,0.16700889801505817
TCGA-43-3394,LUSC,43,52.0,male,Stage IB,I,I,1.0,1190.0,1.0,GDC,,3.2580424366872007
TCGA-85-A4CL,LUSC,85,65.0,male,Stage IA,I,I,1.0,921.0,1.0,GDC,,2.521560574948665
TCGA-56-8307,LUSC,56,55.0,female,Stage IIB,II,II,2.0,818.0,0.0,GDC,,2.239561943874059
TCGA-33-AAS8,LUSC,33,59.0,female,Stage IA,I,I,1.0,1114.0,1.0,GDC,,3.049965776865161
TCGA-33-AASI,LUSC,33,65.0,female,Stage IIB,II,II,2.0,1344.0,1.0,GDC,,3.679671457905544
TCGA-39-5034,LUSC,39,73.0,female,Stage IIB,II,II,2.0,1107.0,1.0,GDC,,3.030800821355236
TCGA-85-A510,LUSC,85,74.0,female,Stage IIB,II,II,2.0,482.0,0.0,GDC,,1.319644079397673
TCGA-56-A4BY,LUSC,56,66.0,male,Stage IB,I,I,1.0,543.0,1.0,GDC,,1.486652977412731
TCGA-85-6561,LUSC,85,66.0,male,Stage IB,I,I,1.0,1224.0,0.0,GDC,,3.351129363449692
TCGA-43-A56U,LUSC,43,76.0,female,Stage IA,I,I,1.0,432.0,0.0,GDC,,1.1827515400410678
TCGA-33-6738,LUSC,33,80.0,male,Stage IIIA,III,III-IV,3.0,1927.0,0.0,GDC,,5.27583846680356
TCGA-96-8169,LUSC,96,67.0,female,Stage IA,I,I,1.0,557.0,0.0,GDC,,1.5249828884325805
TCGA-34-5241,LUSC,34,79.0,male,Stage IB,I,I,1.0,515.0,1.0,GDC,,1.4099931553730323
TCGA-63-5128,LUSC,63,,male,Stage IB,I,I,1.0,,,GDC,Dead 但无 days_to_death,
TCGA-85-6798,LUSC,85,57.0,male,Stage IIIA,III,III-IV,3.0,195.0,1.0,GDC,,0.5338809034907598
TCGA-22-1016,LUSC,22,65.0,male,Stage IB,I,I,1.0,822.0,1.0,GDC,,2.2505133470225873
TCGA-77-A5GF,LUSC,77,70.0,male,Stage IIA,II,II,2.0,840.0,1.0,GDC,,2.299794661190965
TCGA-70-6722,LUSC,70,47.0,male,Stage IIIA,III,III-IV,3.0,367.0,0.0,GDC,,1.0047912388774811
TCGA-60-2723,LUSC,60,74.0,female,Stage IB,I,I,1.0,1092.0,0.0,GDC,,2.9897330595482545
TCGA-70-6723,LUSC,70,65.0,male,Stage IIA,II,II,2.0,375.0,0.0,GDC,,1.0266940451745379
TCGA-49-6745,LUAD,49,82.0,male,Stage IIIA,III,III-IV,3.0,,,GDC,Alive 但无任何随访天数,
TCGA-38-4630,LUAD,38,75.0,female,Stage IB,I,I,1.0,1073.0,1.0,GDC,,2.937713894592745
TCGA-86-8076,LUAD,86,42.0,male,Stage IA,I,I,1.0,,,GDC,Alive 但无任何随访天数,
TCGA-49-6742,LUAD,49,70.0,male,Stage IIA,II,II,2.0,488.0,1.0,GDC,,1.3360711841204653
TCGA-44-6776,LUAD,44,60.0,female,Stage IA,I,I,1.0,,,GDC,Alive 但无任何随访天数,
TCGA-73-4676,LUAD,73,45.0,male,Stage IIA,II,II,2.0,281.0,1.0,GDC,,0.7693360711841205
TCGA-MP-A4T8,LUAD,MP,68.0,male,Stage IIIA,III,III-IV,3.0,161.0,1.0,GDC,,0.4407939767282683
TCGA-NJ-A55R,LUAD,NJ,67.0,male,Stage IA,I,I,1.0,,,GDC,Alive 但无任何随访天数,
TCGA-05-4427,LUAD,05,65.0,female,Stage IIB,II,II,2.0,,,GDC,Alive 但无任何随访天数,
TCGA-69-7760,LUAD,69,73.0,male,Stage IIB,II,II,2.0,,,GDC,Alive 但无任何随访天数,
TCGA-86-A456,LUAD,86,78.0,female,Stage IA,I,I,1.0,,,GDC,Alive 但无任何随访天数,
TCGA-MP-A4TJ,LUAD,MP,62.0,female,Stage IA,I,I,1.0,339.0,1.0,GDC,,0.9281314168377823
TCGA-MP-A4TC,LUAD,MP,77.0,male,Stage IIIA,III,III-IV,3.0,74.0,1.0,GDC,,0.2026009582477755
TCGA-78-8662,LUAD,78,53.0,female,Stage IB,I,I,1.0,3361.0,1.0,GDC,,9.201916495550993
TCGA-50-8459,LUAD,50,68.0,male,Stage IIB,II,II,2.0,,,GDC,Alive 但无任何随访天数,
TCGA-64-1680,LUAD,64,63.0,male,Stage IV,IV,III-IV,4.0,,,GDC,Alive 但无任何随访天数,
TCGA-50-5045,LUAD,50,57.0,female,,,,,2174.0,1.0,GDC,,5.952087611225188
TCGA-38-A44F,LUAD,38,80.0,male,Stage IB,I,I,1.0,,,GDC,Alive 但无任何随访天数,
TCGA-L9-A50W,LUAD,L9,75.0,male,Stage IIA,II,II,2.0,442.0,1.0,GDC,,1.2101300479123889
TCGA-55-6980,LUAD,55,56.0,male,Stage IA,I,I,1.0,,,GDC,Alive 但无任何随访天数,
TCGA-93-A4JP,LUAD,93,64.0,male,Stage IV,IV,III-IV,4.0,,,GDC,Alive 但无任何随访天数,
TCGA-95-7039,LUAD,95,54.0,female,Stage IIB,II,II,2.0,,,GDC,Alive 但无任何随访天数,
TCGA-05-4398,LUAD,05,47.0,female,Stage IIIB,III,III-IV,3.0,,,GDC,Alive 但无任何随访天数,
TCGA-49-4514,LUAD,49,79.0,female,Stage IA,I,I,1.0,,,GDC,Alive 但无任何随访天数,
TCGA-86-8055,LUAD,86,79.0,male,Stage IIA,II,II,2.0,124.0,1.0,GDC,,0.3394934976043806
TCGA-55-7727,LUAD,55,70.0,male,Stage IIIA,III,III-IV,3.0,,,GDC,Alive 但无任何随访天数,
TCGA-97-7553,LUAD,97,58.0,female,Stage IA,I,I,1.0,,,GDC,Alive 但无任何随访天数,
TCGA-93-A4JO,LUAD,93,70.0,male,Stage IA,I,I,1.0,33.0,1.0,GDC,,0.09034907597535935
TCGA-78-7535,LUAD,78,45.0,male,Stage IB,I,I,1.0,949.0,1.0,GDC,,2.598220396988364
TCGA-53-7624,LUAD,53,40.0,female,Stage IV,IV,III-IV,4.0,1043.0,1.0,GDC,,2.855578370978782
TCGA-L9-A7SV,LUAD,L9,69.0,male,Stage IIA,II,II,2.0,,,GDC,Alive 但无任何随访天数,
TCGA-69-A59K,LUAD,69,60.0,female,Stage IIB,II,II,2.0,,,GDC,Alive 但无任何随访天数,
