slide_id,label,tss,mpp,objective,level0_size,levels
TCGA-73-4676-01Z-00-DX1.4d781bbc-a45e-4f9d-b6b6-2265282dff99,LUAD,73,0.252,40,175542x85026,4
TCGA-05-4402-01Z-00-DX1.c653ddc2-88c1-45ac-88e7-4e512b8e8d53,LUAD,05,0.2325,20,80896x100096,4
TCGA-78-8662-01Z-00-DX1.754A4C57-B5FA-4077-99E4-F6EFA6459410,LUAD,78,0.2456,40,123760x76178,4
TCGA-64-1680-01Z-00-DX1.9CB14F20-E7B0-49A1-A327-404B3160FD65,LUAD,64,0.2527,40,73703x52292,4
TCGA-44-5643-01Z-00-DX1.83fb7631-0ecb-4473-bfb2-c8daa2f87d35,LUAD,44,0.252,40,98802x83630,4
TCGA-MP-A4T4-01Z-00-DX1.5F72FF0B-59C0-4E95-A8C1-BF22A948F7AC,LUAD,MP,0.2525,40,69720x46189,4
TCGA-50-5066-02Z-00-DX1.A2CA045A-7956-4E04-9EC9-5856FC789110,LUAD,50,0.2525,40,121512x82794,4
TCGA-97-7553-01Z-00-DX1.e31eec5e-0053-407a-b057-9b87555b122d,LUAD,97,0.252,40,112231x78925,4
TCGA-05-4398-01Z-00-DX1.269bc75f-492e-48b1-87ee-85924aa80e74,LUAD,05,0.2325,20,98304x111360,4
TCGA-95-7567-01Z-00-DX1.982FF122-A440-4949-926C-B58AF8381090,LUAD,95,0.2265,40,99200x89856,4
TCGA-55-A492-01Z-00-DX1.31B23842-7F8B-4311-88DF-C51CB4F54AED,LUAD,55,0.252,40,79617x66740,4
TCGA-44-4112-01Z-00-DX1.5380b3b4-0e24-4c6c-aa8c-298c5fbe068f,LUAD,44,0.252,40,105517x42354,4
TCGA-55-8302-01Z-00-DX1.E0C2B152-BBA9-4AA7-9E6B-BD57B68163CB,LUAD,55,0.2457,40,55776x31516,3
TCGA-NJ-A55O-01Z-00-DX1.8E23C821-B8BB-4D89-9E38-E97424A685CE,LUAD,NJ,0.2527,40,139439x86460,4
TCGA-50-8459-01Z-00-DX1.24D876E7-5265-4C5D-A215-0BAE5450EEF3,LUAD,50,0.2465,40,112336x91213,4
TCGA-49-4512-01Z-00-DX1.ced0bda8-f2d6-4bcb-b2d6-b122846a3079,LUAD,49,0.252,40,107435x79902,4
TCGA-50-5045-01Z-00-DX2.0FCA12EA-572E-4A7D-900D-6E200892170E,LUAD,50,0.2525,40,115536x67987,4
TCGA-69-8453-01Z-00-DX1.C472096B-95BA-42CD-ADEB-326C38F9DC95,LUAD,69,0.2525,40,95616x72450,4
TCGA-49-6745-01Z-00-DX3.40cd3c60-889c-4eaa-be55-36ab5d8b2400,LUAD,49,0.252,40,156357x84109,4
TCGA-86-8076-01Z-00-DX1.e7378b2f-e20e-4d2f-a86c-3a8ead08a385,LUAD,86,0.252,40,79617x63695,4
TCGA-44-6776-01Z-00-DX1.551e200f-5f40-4b95-8b2f-7c6000a21be0,LUAD,44,0.252,40,129498x45849,4
TCGA-S2-AA1A-01Z-00-DX1.4B5D5FAE-8305-4D2D-B245-584589352886,LUAD,S2,0.2527,40,101591x88406,4
TCGA-71-8520-01Z-00-DX1.EAE99132-A397-4B4D-8B09-CBB774A7B62F,LUAD,71,0.2525,40,71712x87835,4
TCGA-93-A4JO-01Z-00-DX1.314C53B6-603C-402B-8CF7-E3CE851A0A0F,LUAD,93,0.2527,40,79679x65918,4
TCGA-86-A4P8-01Z-00-DX1.D65E8855-F7A1-4584-A501-BBFBC61C2DEB,LUAD,86,0.2465,40,63784x53264,4
TCGA-50-5939-01Z-00-DX1.745D7503-0744-46B1-BC89-EBB8FCE2D55C,LUAD,50,0.2468,40,93296x85755,4
TCGA-93-A4JP-01Z-00-DX1.994E229B-5251-4F61-8C41-863047F3A136,LUAD,93,0.2527,40,89639x73358,4
TCGA-55-6980-01Z-00-DX1.2f1d1858-42b9-4e3b-966d-2f3f429570a6,LUAD,55,0.252,40,99761x66140,4
TCGA-86-8055-01Z-00-DX1.546dc42e-3742-4da5-8f9b-80732180ce76,LUAD,86,0.252,40,128538x66123,4
TCGA-86-8074-01Z-00-DX1.0c34b434-8701-4060-a4ea-08a72371ee1e,LUAD,86,0.252,40,91128x71141,4
TCGA-53-7624-01Z-00-DX1.51b4de19-3531-4bcb-b822-fa966480f2ad,LUAD,53,0.252,40,75780x80148,4
TCGA-L9-A7SV-01Z-00-DX1.153B8E2D-54CE-4747-A22E-7A6ADCA03DB5,LUAD,L9,0.2525,40,141432x72223,4
TCGA-69-A59K-01Z-00-DX1.01EAF520-9AC1-4ECC-8EF3-B9122924A1E3,LUAD,69,0.2468,40,89488x75737,4
TCGA-NJ-A55R-01Z-00-DX1.2E2B3642-4E1C-47DB-AF7B-988D586C0986,LUAD,NJ,0.2527,40,139439x70762,4
TCGA-69-7760-01Z-00-DX1.7fc295e3-5bfc-4017-801c-491489d0eb34,LUAD,69,0.252,40,73861x70745,4
TCGA-86-A456-01Z-00-DX1.5C7CBF9B-0AE3-4776-9434-296AA0C605CC,LUAD,86,0.2525,40,69720x66446,4
TCGA-49-4512-01Z-00-DX2.341d7ff7-15e1-44f1-8818-b117fe98ca99,LUAD,49,0.252,40,101680x83907,4
TCGA-05-4417-01Z-00-DX1.6E534856-996F-4BD9-8AFC-7B1BF627E505,LUAD,05,0.2325,20,66560x54016,4
TCGA-50-5045-01Z-00-DX1.ec50bbfc-1721-4e94-ac11-9ebd843e11ba,LUAD,50,0.252,40,89209x53125,4
TCGA-49-4505-01Z-00-DX2.48df81e7-5a8e-4c5b-993a-6a54481a35e9,LUAD,49,0.252,40,125661x83345,4
TCGA-97-A4M3-01Z-00-DX1.16330A66-2501-48D2-AF6A-713698BF6918,LUAD,97,0.2485,40,125444x84602,4
TCGA-MP-A4T8-01Z-00-DX1.3ECB340F-66C7-4F64-8E00-463BF82AAD83,LUAD,MP,0.2525,40,141432x74149,4
TCGA-MP-A4TJ-01Z-00-DX1.14EDBE5C-5D0C-4002-BE95-AF5C9D9F3D43,LUAD,MP,0.2523,40,87691x78446,4
TCGA-MP-A4TC-01Z-00-DX1.C7DB4A7F-F6B8-4FA0-84C1-9B87D41C7749,LUAD,MP,0.2525,40,103584x71180,4
TCGA-95-7039-01Z-00-DX1.C191A46D-A667-4BF6-8E6B-3E5CBF9DF43F,LUAD,95,0.2265,40,95232x73984,4
TCGA-49-6743-01Z-00-DX2.f6b71e89-19ff-4d9b-a3f1-3a52949f1dc7,LUAD,49,0.252,40,142927x84505,4
TCGA-55-A494-01Z-00-DX1.8C7C4BE0-791A-47CA-B0A8-1935366350E0,LUAD,55,0.252,40,161153x37485,4
TCGA-49-4488-01Z-00-DX1.c9beef33-2d53-4fcb-8293-f083d9fedddc,LUAD,49,0.252,40,109354x72052,4
TCGA-97-A4M0-01Z-00-DX1.BDDFB04C-2475-485A-9A85-C4B9EB15155E,LUAD,97,0.2485,40,109165x75006,4
TCGA-55-A490-01Z-00-DX1.07D77502-7216-4C23-9BB8-8DE99AECC920,LUAD,55,0.252,40,70984x69203,4
TCGA-49-4494-01Z-00-DX3.e80b4534-4d6e-4d79-962e-017ffee24d67,LUAD,49,0.252,40,129498x72221,4
TCGA-MN-A4N4-01Z-00-DX2.9550732D-8FB1-43D9-B094-7C0CD310E9C0,LUAD,MN,0.2527,40,119519x86641,4
TCGA-75-7030-01Z-00-DX1.5DDF24B5-00D1-4418-A067-A9B609E15314,LUAD,75,0.5005,20,65963x27980,3
TCGA-78-7542-01Z-00-DX1.2ee042a6-11ee-4668-b254-44144fca4234,LUAD,78,0.252,40,105517x55032,4
TCGA-49-4514-01Z-00-DX2.f1565a36-257d-432e-a84d-47c1d7a0185f,LUAD,49,0.252,40,92087x76478,4
TCGA-49-6742-01Z-00-DX1.23e8883f-0ecc-4359-a8b5-75d49f43a08b,LUAD,49,0.252,40,161153x84903,4
TCGA-49-6742-01Z-00-DX2.2c6b4df0-867d-40c5-8bee-14e2d219224b,LUAD,49,0.252,40,158275x80574,4
TCGA-05-4427-01Z-00-DX1.36CF4E93-3FBB-4346-A26B-85F0D9D0575D,LUAD,05,0.2325,20,76288x123136,4
TCGA-97-8177-01Z-00-DX1.4c2ddf48-40d3-4fa0-8b5f-0485e8270ac7,LUAD,97,0.2485,40,118740x92802,4
TCGA-97-A4M6-01Z-00-DX1.01D83621-3D8E-4339-9F9B-CBD3083D5AE0,LUAD,97,0.2485,40,102461x80404,4
TCGA-44-2656-01Z-00-DX1.5f247f31-4bb5-460d-a1f7-7dcdba33c835,LUAD,44,0.252,40,130457x55746,4
TCGA-78-7535-01Z-00-DX1.c4ca06f3-22d1-4e39-85c8-98d1fa2b0e60,LUAD,78,0.252,40,112231x79935,4
TCGA-55-8514-01Z-00-DX1.499CF563-B404-4061-9D1A-57954BBE2CE7,LUAD,55,0.252,40,84413x58159,4
TCGA-55-7727-01Z-00-DX1.0c7a4953-16dc-41e0-845b-b89167ec17d7,LUAD,55,0.252,40,134294x90266,4
TCGA-49-6745-01Z-00-DX6.3174fffa-c17c-44d1-8d21-1921a9ec1bee,LUAD,49,0.252,40,124701x78518,4
TCGA-38-4630-01Z-00-DX1.d08d0193-c5ed-4db8-b236-1a4c3c3177b8,LUAD,38,0.252,40,116068x72362,4
TCGA-44-7670-01Z-00-DX1.2a981dd6-0063-438e-b20e-b180b16e2b23,LUAD,44,0.252,40,153479x40972,4
TCGA-73-4677-01Z-00-DX1.b557785c-9ccc-42a7-bb54-7bb47638ddfc,LUAD,73,0.252,40,114150x60176,4
TCGA-38-A44F-01Z-00-DX1.B9958072-D8BB-40DD-B28E-2E83CE2B550B,LUAD,38,0.2472,40,185639x44659,4
TCGA-97-A4M2-01Z-00-DX1.5C72522C-1538-4D68-B517-5FB05A9D401A,LUAD,97,0.2485,40,78522x64220,4
TCGA-05-4420-01Z-00-DX1.2df0552e-87dc-491e-9be2-be8fbce2660d,LUAD,05,0.2325,20,40704x95488,4
TCGA-49-4490-01Z-00-DX5.feea87ff-61c6-465e-8b36-4803f6af3d62,LUAD,49,0.252,40,124701x60515,4
TCGA-49-4490-01Z-00-DX4.4e94aeb6-f616-4bdd-82bc-2ca2f2b5a5c4,LUAD,49,0.252,40,113191x75639,4
TCGA-86-A4P7-01Z-00-DX1.37026DCF-5A81-4098-B444-C8A40CA168D0,LUAD,86,0.248,40,66639x74425,4
TCGA-L9-A50W-01Z-00-DX1.21FAAB58-58EF-4A6A-8F0A-16D9AB9B1056,LUAD,L9,0.2456,40,107576x77440,4
TCGA-60-2715-01Z-00-DX1.22710dc4-eaf5-44c2-8438-c6dcfae1d452,LUSC,60,0.5023,20,45995x39360,3
TCGA-56-8309-01Z-00-DX1.5FC5FA81-405A-48AB-AA7D-2D38003A8942,LUSC,56,0.2457,40,33864x50126,4
TCGA-43-A475-01Z-00-DX1.48694B33-6070-4D6E-9CE4-BDEF072500A1,LUSC,43,0.2505,40,41285x80661,4
TCGA-85-8072-01Z-00-DX1.3a0ad5a6-c93e-428c-94e7-809ceaf01ef1,LUSC,85,0.252,40,80576x69789,4
TCGA-77-8139-01Z-00-DX1.242d68e3-5ee0-4484-8403-e2ffd1ede20b,LUSC,77,0.252,40,122783x86364,4
TCGA-34-7107-01Z-00-DX1.c72202e6-740d-4891-945c-f360f7c56bc9,LUSC,34,0.2527,40,105575x47655,4
TCGA-22-4595-01Z-00-DX1.42F28D1E-7AC2-4113-B4EC-F1E7850EA14D,LUSC,22,0.2523,40,153460x63729,4
TCGA-85-8355-01Z-00-DX1.146ECC8D-858B-4DDA-B7FE-DBC22CC8C24D,LUSC,85,0.252,40,90169x63530,4
TCGA-43-3394-01Z-00-DX1.4c2f49b9-9dac-41d8-a62b-64c8928caa3c,LUSC,43,0.252,40,166908x49704,4
TCGA-85-A4CL-01Z-00-DX1.05BC31FF-3B88-489F-9BD2-5B2B31C72EDB,LUSC,85,0.2468,40,82824x67700,4
TCGA-77-8144-01Z-00-DX1.5194d537-c942-45f3-967b-eb213646ff24,LUSC,77,0.252,40,99761x73754,4
TCGA-56-7730-01Z-00-DX1.6f127663-c517-4b5d-99a6-a3cd314304b1,LUSC,56,0.252,40,61391x53400,4
TCGA-85-8276-01Z-00-DX1.6306624d-e197-4744-a872-0a20413bd9fa,LUSC,85,0.252,40,110313x86513,4
TCGA-77-7138-01Z-00-DX1.8c912762-0829-4692-92a2-545fea2b3e48,LUSC,77,0.252,40,115109x71593,4
TCGA-21-A5DI-01Z-00-DX1.E9123261-ADE7-468C-9E9A-334E131FFF97,LUSC,21,0.2456,40,76160x63284,4
TCGA-43-5668-01Z-00-DX1.0d024872-fbcc-4e91-948b-acc96a00d5eb,LUSC,43,0.252,40,140049x39593,4
TCGA-63-5128-01Z-00-DX1.7D6C6ABF-D035-4F48-811B-629A0B4AD597,LUSC,63,0.5005,20,29983x26041,3
TCGA-60-2698-01Z-00-DX1.738ae69e-5170-46d6-b691-9f761f9a794b,LUSC,60,0.5023,20,85992x44565,4
TCGA-85-8664-01Z-00-DX1.d83b183e-4cc6-4608-93fb-46e69d36a2fa,LUSC,85,0.252,40,48921x85758,4
TCGA-70-6722-01Z-00-DX1.2f8498bb-bbd9-4eae-bb9e-6fe939ca0551,LUSC,70,0.252,40,56595x66045,4
TCGA-56-8622-01Z-00-DX1.62B552C4-5CBE-4469-8DBB-E27497FF95F4,LUSC,56,0.252,40,48921x64457,4
TCGA-46-3766-01Z-00-DX1.5870b2ed-78f0-4f68-b01e-2ef6d5353b57,LUSC,46,0.252,40,118946x37904,4
TCGA-39-5034-01Z-00-DX1.fb4191aa-07dc-4615-ac71-b9e4c67ed28b,LUSC,39,0.504,20,51428x35882,3
TCGA-22-5489-01Z-00-DX1.0518AF53-5642-40FB-A631-4C50D7707C8F,LUSC,22,0.2525,40,83664x70816,4
TCGA-18-3411-01Z-00-DX1.D9228674-5B13-44CB-A7AE-C64FD97A3BBB,LUSC,18,0.252,40,119657x83404,4
TCGA-33-AASI-01Z-00-DX1.71BC119D-9916-4214-9294-26301F2E430F,LUSC,33,0.2525,40,109560x76498,4
TCGA-85-6561-01Z-00-DX1.7bb9f936-00e1-4014-a6ae-8dc1c64d7f42,LUSC,85,0.252,40,109354x85497,4
TCGA-43-A56U-01Z-00-DX1.B60C921A-4EE4-4CAE-9E55-311C7D2DA9E4,LUSC,43,0.248,40,124711x44414,4
TCGA-37-4135-01Z-00-DX1.3f193ee1-530c-4f37-a669-56af75bba8db,LUSC,37,0.252,40,163071x72241,4
TCGA-70-6723-01Z-00-DX1.1e6468e8-0d39-48a9-af32-9968f9207810,LUSC,70,0.252,40,49880x54071,4
TCGA-77-7141-01Z-00-DX1.3263490a-cfba-43a8-8198-5139dbf00bf9,LUSC,77,0.252,40,141968x74354,4
TCGA-60-2709-01Z-00-DX1.ded10e7c-c1ca-4402-be0e-f3978994d4af,LUSC,60,0.252,40,75780x82679,4
TCGA-77-A5G8-01Z-00-DX1.4F66CA44-C238-4293-882C-5357ABD7115F,LUSC,77,0.248,40,118999x70120,4
TCGA-21-5784-01Z-00-DX1.E50E7F4B-BE37-4171-94A7-E824CFF4B3BB,LUSC,21,0.2527,40,73703x50706,4
TCGA-85-A4PA-01Z-00-DX1.00AF818F-39BA-4EA7-8873-9B6C4F2D2141,LUSC,85,0.248,40,99007x87602,4
TCGA-33-A5GW-01Z-00-DX1.6F0833B7-EDAB-4DF4-83D9-393D8ADBFCF3,LUSC,33,0.2525,40,91632x86913,4
TCGA-18-3415-01Z-00-DX1.8C62F2CD-4A2F-4D1E-A662-D7D5AFE557AB,LUSC,18,0.252,40,115828x86964,4
TCGA-52-7812-01Z-00-DX1.dd6fa49a-f9fe-40a1-80b2-0824b128f3b2,LUSC,52,0.252,40,172664x92099,4
TCGA-33-6738-01Z-00-DX5.4af96952-d323-4d2e-9871-e590b7c5f59d,LUSC,33,0.252,40,110313x60143,4
TCGA-22-0940-01Z-00-DX1.775CB101-6A55-40DD-B19F-7BFCA7820F5F,LUSC,22,0.2525,40,79680x76435,4
TCGA-33-4538-01Z-00-DX3.27b62beb-d3c4-493b-8663-73f128c0ad77,LUSC,33,0.252,40,156357x84614,4
TCGA-60-2726-01Z-00-DX1.3c30934b-c93a-4dad-9c44-b417eae17137,LUSC,60,0.5023,20,49995x33919,3
TCGA-56-8307-01Z-00-DX1.20EE4B4C-403F-44AA-8B0E-711003E60B8F,LUSC,56,0.2457,40,41832x40642,3
TCGA-85-6798-01Z-00-DX1.c8ca3a56-b337-4345-b55a-83b0ae9a75f0,LUSC,85,0.252,40,129498x82364,4
TCGA-56-7223-01Z-00-DX1.dd01c478-6dfa-4757-85fd-d956d70ec372,LUSC,56,0.252,40,79617x84234,4
TCGA-18-4083-01Z-00-DX1.337D4583-326F-4108-9441-DC74FAED6AE2,LUSC,18,0.252,40,86153x84077,4
TCGA-85-A513-01Z-00-DX1.9C4C6BA2-BBEB-4EC6-9A70-65B1F6198E1F,LUSC,85,0.2456,40,53312x56755,4
TCGA-34-5241-01Z-00-DX1.7abc4737-9a9c-4270-8297-58ea167cea63,LUSC,34,0.252,40,107435x65702,4
TCGA-60-2725-01Z-00-DX1.b9d038d6-c2fb-4e46-a4ef-80fdbfb56d0a,LUSC,60,0.252,40,102639x76057,4
TCGA-92-8063-01Z-00-DX1.692a8000-846e-4ed7-b790-b3281acb9dec,LUSC,92,0.252,40,111272x57867,4
TCGA-52-7622-01Z-00-DX1.cb3bb056-27dd-4c15-9004-b06cc8923663,LUSC,52,0.252,40,115109x80721,4
TCGA-NC-A5HQ-01Z-00-DX1.E7FA7F88-2B81-4EBD-8A48-883BD6953428,LUSC,NC,0.2525,40,139440x82830,4
TCGA-33-4533-01Z-00-DX4.b7cd127e-4d9c-45dc-bd5e-e95343819e4c,LUSC,33,0.252,40,154438x72680,4
TCGA-60-2714-01Z-00-DX1.13f280a8-c8d3-48bb-8a38-49ce9ad9e1a2,LUSC,60,0.5023,20,47995x37200,3
TCGA-98-A53H-01Z-00-DX1.B05E6339-440C-4F2E-95B5-F2C96413D488,LUSC,98,0.2456,40,79968x34555,4
TCGA-85-A4QQ-01Z-00-DX1.321B5149-FC07-434D-9819-3F8821D77849,LUSC,85,0.2468,40,88536x50898,4
TCGA-33-4538-01Z-00-DX5.19d6ae2f-feaa-4c38-9335-6bb549631f94,LUSC,33,0.252,40,103598x69977,4
TCGA-37-3792-01Z-00-DX1.d95a9f5f-5bad-48fc-9f90-ed2580328b80,LUSC,37,0.252,40,151560x61753,4
TCGA-60-2723-01Z-00-DX1.1c12de5a-5d31-468e-9169-feb23d24e7d6,LUSC,60,0.5023,20,47995x44763,3
TCGA-77-A5GF-01Z-00-DX1.8E70F660-4492-4BEB-A688-217DE27C1E6D,LUSC,77,0.2468,40,123760x80873,4
TCGA-46-3767-01Z-00-DX1.1f1899f9-7d6e-438c-b7ac-701ea088734d,LUSC,46,0.252,40,127579x58514,4
TCGA-85-8350-01Z-00-DX1.F9A32453-2E24-4874-A1FA-67B4173ABF03,LUSC,85,0.252,40,73861x60355,4
TCGA-85-A510-01Z-00-DX1.F51CBC2D-EAD4-48B8-9444-C864012562F4,LUSC,85,0.2456,40,106624x87350,4
TCGA-56-A4BY-01Z-00-DX1.DCA0D153-7DB7-44FB-A87A-20931D36856A,LUSC,56,0.252,40,55636x56395,4
TCGA-22-5474-01Z-00-DX1.8736FB24-7E65-4ACB-9325-382D7F864F62,LUSC,22,0.2525,40,77688x52636,4
TCGA-22-4613-01Z-00-DX1.4BC3B7B8-99E7-4744-8F5A-089ECCDE144E,LUSC,22,0.2525,40,87648x57802,4
TCGA-96-A4JK-01Z-00-DX1.DD4071B6-75CA-475D-B742-925EA6BE9F0A,LUSC,96,0.2485,40,120656x92792,4
TCGA-22-1016-01Z-00-DX1.807510FD-222D-4E65-B261-3EB0815F8A50,LUSC,22,0.2525,40,73704x40406,4
TCGA-LA-A7SW-01Z-00-DX1.A65863F5-EA8F-46F5-A4D1-52FAD3D93E26,LUSC,LA,0.2525,40,107568x71991,4
TCGA-22-5480-01Z-00-DX1.A6E25FF1-9616-4F5F-97BD-BA1912C46008,LUSC,22,0.2525,40,57768x42305,3
TCGA-85-8580-01Z-00-DX1.1b942bbe-2c6e-4411-8609-1725e5cb93da,LUSC,85,0.252,40,103598x82406,4
TCGA-22-1012-01Z-00-DX1.053F81FA-F91A-42B0-8F12-CD2495FA9E99,LUSC,22,0.2525,40,105576x78258,4
TCGA-33-AAS8-01Z-00-DX1.774A64E2-17E4-468C-BFE9-85F0D4F52D0E,LUSC,33,0.2485,40,122571x63196,4
TCGA-96-8169-01Z-00-DX1.d2e29d5e-abd4-4f36-958c-d9d22b836a34,LUSC,96,0.2505,40,109453x83030,4
TCGA-21-5782-01Z-00-DX1.E0C856C0-9055-4437-9393-695D699E4F57,LUSC,21,0.2527,40,71711x77819,4
