gene,cv,R2_label,R2_morph,R2_label_morph,dR2_morph_beyond_label
NKX2-1,随机5折×5次,0.4834,0.1755,0.4706,-0.0128
NKX2-1,按中心分组5折,0.4971,0.0231,0.4501,-0.047
NAPSA,随机5折×5次,0.4045,0.1265,0.3881,-0.0164
NAPSA,按中心分组5折,0.424,-0.019,0.3677,-0.0563
TP63,随机5折×5次,0.6019,0.156,0.5467,-0.0552
TP63,按中心分组5折,0.608,0.1108,0.5826,-0.0254
KRT5,随机5折×5次,0.671,0.1876,0.6151,-0.056
KRT5,按中心分组5折,0.6713,0.0503,0.6037,-0.0676
KRT6A,随机5折×5次,0.6149,0.1907,0.6043,-0.0106
KRT6A,按中心分组5折,0.6121,0.0513,0.6018,-0.0103
SOX2,随机5折×5次,0.3863,0.0838,0.3356,-0.0506
SOX2,按中心分组5折,0.3903,0.0436,0.3628,-0.0275
