gene,pc,rho,p,rho_within_LUAD,rho_within_LUSC,q_BH
NKX2-1,1,0.3935,1.0682516751735436e-06,0.2505,-0.0533,3.204755025520631e-05
NKX2-1,2,-0.1058,0.206939930277828,-0.1382,0.1107,0.365341206847494
NKX2-1,3,0.1462,0.08040376022049284,-0.0602,0.0282,0.23425126533951932
NKX2-1,4,0.158,0.05861063025309054,0.2021,0.2637,0.1953687675103018
NKX2-1,5,0.0953,0.2557139040082801,0.0658,0.1477,0.42408064878020824
NKX2-1,6,-0.1402,0.09370050613580773,-0.0488,-0.3007,0.23425126533951932
NKX2-1,7,-0.1343,0.10840814577563794,0.076,-0.0093,0.250172644097626
NKX2-1,8,-0.0393,0.6398362466062774,0.0055,-0.0946,0.7243429206863518
NKX2-1,9,0.1141,0.1733532897269351,-0.1409,0.1496,0.33247509205092796
NKX2-1,10,-0.1302,0.11990991057275846,-0.0777,-0.0877,0.26646646793946327
NAPSA,1,0.4157,2.206220230721713e-07,0.3505,-0.0311,1.3237321384330277e-05
NAPSA,2,-0.0853,0.3093149379534793,0.0357,0.0085,0.47586913531304514
NAPSA,3,0.1502,0.07244250168189352,-0.0534,-0.0104,0.22876579478492692
NAPSA,4,0.1244,0.13746050264745502,0.0797,0.3046,0.28440103996025173
NAPSA,5,0.0529,0.5287152961833848,0.0289,0.039,0.6100561109808286
NAPSA,6,-0.0745,0.374998086209507,0.0346,-0.1807,0.4994749831742931
NAPSA,7,-0.0565,0.500858317520442,0.2756,0.0629,0.5898190595289088
NAPSA,8,-0.0732,0.38293082043362475,-0.0723,-0.0669,0.4994749831742931
NAPSA,9,0.0738,0.37956332753477784,-0.1491,0.0472,0.4994749831742931
NAPSA,10,-0.0974,0.24533337034686473,0.0568,-0.078,0.42057149202319666
TP63,1,-0.3422,2.6983959477049155e-05,-0.1221,0.1403,0.00039959030637919487
TP63,2,0.0669,0.4259077352170387,0.0521,-0.1799,0.5346527169952298
TP63,3,-0.2445,0.0031453459530347695,-0.2127,-0.041,0.01964840948011488
TP63,4,-0.011,0.8956650076933587,-0.0696,0.0811,0.910845770535619
TP63,5,-0.0378,0.6526213497780828,0.0547,0.0113,0.7251348330867586
TP63,6,0.0893,0.28714450429262833,-0.0953,0.1748,0.4533860594094131
TP63,7,0.2518,0.002333540035541991,0.1557,0.0095,0.01964840948011488
TP63,8,0.0249,0.7670680224712558,-0.2047,0.1954,0.8137524845304329
TP63,9,-0.1268,0.12980387641512567,0.1303,-0.1718,0.27815116374669785
TP63,10,0.1965,0.018264649611278622,0.2136,-0.0027,0.08429838282128596
KRT5,1,-0.3539,1.3563816502973517e-05,-0.181,0.2428,0.00027127633005947035
KRT5,2,0.1386,0.09762170569290805,0.0836,-0.097,0.23429209366297932
KRT5,3,-0.2435,0.00327473491335248,-0.1879,-0.0048,0.01964840948011488
KRT5,4,-0.0119,0.8870857199349954,-0.1073,0.1247,0.910845770535619
KRT5,5,-0.0565,0.5013462005995725,-0.0391,0.0488,0.5898190595289088
KRT5,6,0.0806,0.3369812491216487,-0.0819,0.1472,0.4814017844594981
KRT5,7,0.2201,0.008044193945521291,-0.0163,0.1027,0.04387742152102522
KRT5,8,0.0325,0.6993887091850421,-0.1555,0.1744,0.7629695009291368
KRT5,9,-0.0653,0.43663305221277104,0.1149,0.066,0.5346527169952298
KRT5,10,0.1736,0.03741057027257845,0.0072,0.1384,0.1402896385221692
KRT6A,1,-0.3385,3.329919219826624e-05,-0.1488,0.1967,0.00039959030637919487
KRT6A,2,0.1058,0.2070266838802466,0.1068,-0.1928,0.365341206847494
KRT6A,3,-0.1409,0.09216183634961354,0.1081,0.0731,0.23425126533951932
KRT6A,4,0.0836,0.3190435861685771,0.0861,0.1718,0.47648609329309166
KRT6A,5,-0.0242,0.7730648603039113,-0.0782,0.182,0.8137524845304329
KRT6A,6,0.2436,0.0032541574491208283,0.2173,0.3734,0.01964840948011488
KRT6A,7,0.1819,0.02913518380529558,0.1146,-0.0816,0.11654073522118231
KRT6A,8,0.0749,0.3721876588473218,-0.0842,0.2233,0.4994749831742931
KRT6A,9,-0.113,0.17732004909382826,0.0978,-0.1111,0.33247509205092796
KRT6A,10,0.1427,0.088027095954285,0.0968,-0.0267,0.23425126533951932
SOX2,1,-0.2174,0.008867379871427461,-0.0374,0.1536,0.044336899357137305
SOX2,2,-0.0023,0.9782983063951419,-0.1183,-0.1918,0.9782983063951419
SOX2,3,-0.2599,0.00165493986887817,-0.0234,-0.2489,0.0165493986887817
SOX2,4,0.0665,0.4283369440708402,0.0765,0.0499,0.5346527169952298
SOX2,5,-0.0942,0.2615164000811284,-0.104,0.031,0.42408064878020824
SOX2,6,0.1147,0.17098683539170206,0.065,0.1284,0.33247509205092796
SOX2,7,0.1916,0.02139362374393212,0.0409,0.0133,0.09168695890256624
SOX2,8,0.0825,0.325598830416946,-0.0179,0.1753,0.47648609329309166
SOX2,9,-0.1639,0.049694635725290905,0.1278,-0.2475,0.17539283197161495
SOX2,10,0.141,0.09188084594345217,0.016,-0.0518,0.23425126533951932
