rank,term,p,z,combined,genes,adj_p,x,y,library
1,Estrogen Response Late,5.688996854924951e-06,6.039052658100277,72.93349778920441,"['SLC16A1', 'FABP5', 'TRIM29', 'SIAH2', 'PERP', 'HSPA4L', 'KRT13', 'SFN', 'HR', 'CELSR2', 'RAPGEFL1']",9.671294653372417e-05,0,0,MSigDB_Hallmark_2020
2,KRAS Signaling Dn,5.688996854924951e-06,6.039052658100277,72.93349778920441,"['SPRR3', 'TENM2', 'SERPINB2', 'CALML5', 'KRT13', 'PKP1', 'KRT5', 'MACROH2A2', 'LGALS7', 'CELSR2', 'DLK2']",9.671294653372417e-05,0,0,MSigDB_Hallmark_2020
3,p53 Pathway,0.00019001668226546373,4.837614100490667,41.45060631295679,"['KRT17', 'PERP', 'ABCC5', 'HSPA4L', 'CLCA2', 'SFN', 'TP63', 'ADA', 'SERPINB5']",0.002153522399008589,0,0,MSigDB_Hallmark_2020
4,Estrogen Response Early,0.004067400402162354,3.684635829149776,20.28300352206346,"['SLC16A1', 'SIAH2', 'KRT13', 'SFN', 'HR', 'CELSR2', 'RAPGEFL1']",0.02765832273470401,0,0,MSigDB_Hallmark_2020
5,Apical Junction,0.004067400402162354,3.684635829149776,20.28300352206346,"['DLG1', 'ADAM23', 'PARD6G', 'KRT31', 'DSC1', 'DSC3', 'NECTIN1']",0.02765832273470401,0,0,MSigDB_Hallmark_2020
6,Epithelial Mesenchymal Transition,0.0508439984704279,2.5779092702169626,7.679574154313181,"['SLC6A8', 'GPC1', 'COL7A1', 'SNAI2', 'PTHLH']",0.28811599133242477,0,0,MSigDB_Hallmark_2020
7,Cholesterol Homeostasis,0.16917687320488076,2.7676767676767677,4.9176372087746785,"['JAG1', 'FABP5']",0.760102381355131,0,0,MSigDB_Hallmark_2020
8,UV Response Up,0.21049643606372126,1.9300802357949893,3.007618085016947,"['HTR7', 'SLC6A8', 'NKX2-5']",0.760102381355131,0,0,MSigDB_Hallmark_2020
9,Notch Signaling,0.2752009537742224,3.204571243313341,4.1347099266061775,['JAG1'],0.760102381355131,0,0,MSigDB_Hallmark_2020
10,Pperoxisome,0.27905100683265827,1.9506833036244802,2.4897754945672688,"['ABCC5', 'CACNA1B']",0.760102381355131,0,0,MSigDB_Hallmark_2020
11,PI3K/AKT/mTOR  Signaling,0.2827546689999499,1.9316465627145238,2.440008904942008,"['SFN', 'AP2M1']",0.760102381355131,0,0,MSigDB_Hallmark_2020
12,Angiogenesis,0.3038080819844295,2.8377602297200286,3.380791434126185,['JAG1'],0.760102381355131,0,0,MSigDB_Hallmark_2020
13,Hypoxia,0.3233044834418361,1.5153443788811873,1.711067359910169,"['SIAH2', 'GPC1', 'PKP1']",0.760102381355131,0,0,MSigDB_Hallmark_2020
14,Adipogenesis,0.3233044834418361,1.5153443788811873,1.711067359910169,"['COQ3', 'SOWAHC', 'ATP1B3']",0.760102381355131,0,0,MSigDB_Hallmark_2020
15,Wnt-beta Catenin Signaling,0.34462567794504406,2.4217428606446867,2.5798740539583482,['JAG1'],0.760102381355131,0,0,MSigDB_Hallmark_2020
16,Apical Surface,0.3576952382847675,2.308869931050602,2.373689018141451,['RHCG'],0.760102381355131,0,0,MSigDB_Hallmark_2020
17,Coagulation,0.4023513546797184,1.4604872251931076,1.329670735212419,"['SERPINB2', 'P2RY1']",0.7993440171685221,0,0,MSigDB_Hallmark_2020
18,UV Response Dn,0.4231821267362764,1.398349694124342,1.2025145012328537,"['DLG1', 'SNAI2']",0.7993440171685221,0,0,MSigDB_Hallmark_2020
19,TNF-alpha Signaling via NF-kB,0.5967065753140588,1.0,0.516329785050999,"['JAG1', 'SERPINB2']",0.8673678080217752,0,0,MSigDB_Hallmark_2020
20,Myogenesis,0.5967065753140588,1.0,0.516329785050999,"['SLC6A8', 'FST']",0.8673678080217752,0,0,MSigDB_Hallmark_2020
21,Glycolysis,0.5967065753140588,1.0,0.516329785050999,"['GPC1', 'GPR87']",0.8673678080217752,0,0,MSigDB_Hallmark_2020
22,Protein Secretion,0.6198314260741546,1.0423168473948692,0.49854820661646676,['AP2M1'],0.8673678080217752,0,0,MSigDB_Hallmark_2020
23,Bile Acid Metabolism,0.6765743473112501,0.8913486350672281,0.3482614435144341,['RBP1'],0.8673678080217752,0,0,MSigDB_Hallmark_2020
24,Spermatogenesis,0.743693243928707,0.7374934373359334,0.21839145046253922,['HSPA4L'],0.8673678080217752,0,0,MSigDB_Hallmark_2020
25,DNA Repair,0.7797997353776313,0.6627432464335098,0.164836268730291,['ADA'],0.8673678080217752,0,0,MSigDB_Hallmark_2020
26,Fatty Acid Metabolism,0.7969382105229577,0.6287168325704958,0.14270497144177371,['ADH7'],0.8673678080217752,0,0,MSigDB_Hallmark_2020
27,Mitotic Spindle,0.8660145054493834,0.49748743718592964,0.0715653690513794,['DLG1'],0.8673678080217752,0,0,MSigDB_Hallmark_2020
28,IL-2/STAT5 Signaling,0.8660145054493834,0.49748743718592964,0.0715653690513794,['IRF6'],0.8673678080217752,0,0,MSigDB_Hallmark_2020
29,Interferon Gamma Response,0.8673678080217752,0.49496224842807,0.07042924816813795,['GBP6'],0.8673678080217752,0,0,MSigDB_Hallmark_2020
30,Complement,0.8673678080217752,0.49496224842807,0.07042924816813795,['SERPINB2'],0.8673678080217752,0,0,MSigDB_Hallmark_2020
31,mTORC1 Signaling,0.8673678080217752,0.49496224842807,0.07042924816813795,['PHGDH'],0.8673678080217752,0,0,MSigDB_Hallmark_2020
32,Xenobiotic Metabolism,0.8673678080217752,0.49496224842807,0.07042924816813795,['ADH7'],0.8673678080217752,0,0,MSigDB_Hallmark_2020
33,heme Metabolism,0.8673678080217752,0.49496224842807,0.07042924816813795,['SLC6A8'],0.8673678080217752,0,0,MSigDB_Hallmark_2020
34,KRAS Signaling Up,0.8673678080217752,0.49496224842807,0.07042924816813795,['HOXD11'],0.8673678080217752,0,0,MSigDB_Hallmark_2020
1,Pancreatic Cancer Subtypes WP5390,9.995322400895032e-10,23.87555376560612,494.79061832864744,"['SERPINB3', 'SPRR3', 'SERPINB4', 'S100A2', 'KRT17', 'GPR87', 'KRT6C', 'SPRR1B', 'KRT6A']",1.849134644165581e-07,0,0,WikiPathway_2023_Human
2,Hair Follicle Development Cytodifferentiation Part 3 Of 3 WP2840,2.6755201618174484e-05,8.94041450777202,94.13167221738279,"['FOXE1', 'FST', 'PERP', 'GJB6', 'DSG1', 'HR', 'TP63']",0.00247485614968114,0,0,WikiPathway_2023_Human
3,Calcium Regulation In Cardiac Cells WP536,0.0008257898747767295,4.950777202072539,35.14641000799136,"['CHRM3', 'GJB4', 'GJB6', 'GJB5', 'CACNA1B', 'ATP1B3', 'SFN']",0.05092370894456499,0,0,WikiPathway_2023_Human
4,Hypothetical Craniofacial Development Pathway WP3655,0.0020216133697869413,39.98989898989899,248.09171029141777,"['IRF6', 'TP63']",0.08078002502569744,0,0,WikiPathway_2023_Human
5,P53 Transcriptional Gene Network WP4963,0.002206451644607548,5.877757901013715,35.950540003303175,"['TP53AIP1', 'PERP', 'SFN', 'SERPINB5', 'E2F7']",0.08078002502569744,0,0,WikiPathway_2023_Human
6,NRF2 Pathway WP2884,0.0029768180644130166,4.505154639175258,26.20603542870603,"['SLC6A8', 'SLC6A15', 'ABCC5', 'SLC39A2', 'ADH7', 'UGT1A7']",0.08078002502569744,0,0,WikiPathway_2023_Human
7,Development Of Ureteric Collection System WP5053,0.003056541487458822,7.19533527696793,41.664381947961964,"['SMO', 'FST', 'HOXD11', 'BMP7']",0.08078002502569744,0,0,WikiPathway_2023_Human
8,Hair Follicle Development Organogenesis Part 2 Of 3 WP2839,0.0039464456405227145,10.382110974969368,57.46436072810552,"['SMO', 'GJB6', 'TP63']",0.09126155543708778,0,0,WikiPathway_2023_Human
9,Burn Wound Healing WP5055,0.006473347840390891,5.752186588921282,28.991376259941838,"['FOXE1', 'FST', 'SNAI2', 'KRT6A']",0.13306326116359055,0,0,WikiPathway_2023_Human
10,Renin Angiotensin Aldosterone System RAAS WP4756,0.009654459200215517,7.338987247740498,34.05536215760635,"['CALML5', 'STAR', 'CALML3']",0.17860749520398705,0,0,WikiPathway_2023_Human
11,Vitamin D Receptor Pathway WP2877,0.011163296263386887,3.3711340206185567,15.153665448482403,"['S100A2', 'KRT16', 'KRT13', 'KRT34', 'SPRR1B', 'PTHLH']",0.18448532256653125,0,0,WikiPathway_2023_Human
12,GPCRs Other WP117,0.013195970913978198,4.62420830401126,20.012850913677784,"['CHRM3', 'HTR7', 'SMO', 'CELSR2']",0.18448532256653125,0,0,WikiPathway_2023_Human
13,Nephrogenesis WP5052,0.013702204565774857,12.48989898989899,53.58414643474309,"['JAG1', 'BMP7']",0.18448532256653125,0,0,WikiPathway_2023_Human
14,Nuclear Receptors Meta Pathway WP2882,0.013961051437467231,2.6544117647058822,11.338277028291609,"['SLC6A8', 'SERPINB2', 'SLC6A15', 'ABCC5', 'SNAI2', 'ADH7', 'SLC39A2', 'UGT1A7']",0.18448532256653125,0,0,WikiPathway_2023_Human
15,Neural Crest Differentiation WP2064,0.01867555955889301,4.145381864085841,16.500856606672546,"['DLX5', 'SNAI2', 'ZIC5', 'BMP7']",0.23033190122634714,0,0,WikiPathway_2023_Human
16,Markers Of Kidney Cell Lineage WP5236,0.021257649022340525,5.369108049311095,20.676641778420727,"['JAG1', 'KCTD1', 'BMP7']",0.24429180570485792,0,0,WikiPathway_2023_Human
17,Epithelial To Mesenchymal Transition In Colorectal Cancer WP4239,0.022498548001687938,3.249793217535153,12.330705045977473,"['JAG1', 'COL4A6', 'PKP1', 'COL4A5', 'SNAI2']",0.24429180570485792,0,0,WikiPathway_2023_Human
18,miRNA Regulation Of P53 Pathway In Prostate Cancer WP3982,0.023768932446959146,9.080808080808081,33.956554984338226,"['TP53AIP1', 'PERP']",0.24429180570485792,0,0,WikiPathway_2023_Human
19,3Q29 Copy Number Variation Syndrome WP4906,0.025228898305411838,5.01015228426396,18.43618393885774,"['RNF168', 'DLG1', 'CEP19']",0.2456497992895363,0,0,WikiPathway_2023_Human
20,Canonical And Non Canonical Notch Signaling WP3845,0.029644233408498193,7.98989898989899,28.11236101024157,"['JAG1', 'DLK2']",0.27420915902860826,0,0,WikiPathway_2023_Human
21,Primary Focal Segmental Glomerulosclerosis FSGS WP2572,0.0355175071354049,4.354667843743103,14.534703522115315,"['JAG1', 'COL4A5', 'IRF6']",0.2949780598372185,0,0,WikiPathway_2023_Human
22,Cell Migration And Invasion Through p75NTR WP4561,0.036030988496536624,7.132756132756133,23.70482996930019,"['EFNB1', 'NTRK2']",0.2949780598372185,0,0,WikiPathway_2023_Human
23,Ras Signaling WP4223,0.03779776130875802,2.810628849734995,9.206229982422085,"['NTRK2', 'HTR7', 'CALML5', 'CALML3', 'PAK5']",0.2949780598372185,0,0,WikiPathway_2023_Human
24,GABA Receptor Signaling WP4159,0.0382674239788824,6.886450714036921,22.47156498788087,"['GABRQ', 'AP2M1']",0.2949780598372185,0,0,WikiPathway_2023_Human
25,Metabolic Pathways Of Fibroblasts WP5312,0.04055549332201731,6.656565656565657,21.334852328849312,"['SLC16A1', 'PHGDH']",0.3001106505829281,0,0,WikiPathway_2023_Human
26,Monoamine GPCRs WP58,0.042893951553666966,6.4415118931247966,20.28447846195992,"['CHRM3', 'HTR7']",0.3052069629780149,0,0,WikiPathway_2023_Human
27,Alstrom Syndrome WP5202,0.0452815731960364,6.23989898989899,19.311583224616665,"['SMO', 'CEP19']",0.3102626311580272,0,0,WikiPathway_2023_Human
28,Creatine Pathway WP5190,0.04901451987041608,24.86934673366834,74.99696447567176,['SLC6A8'],0.3238459348581062,0,0,WikiPathway_2023_Human
29,Endoderm Differentiation WP2853,0.05218539566670592,2.95078031212485,8.713514393945305,"['SIAH2', 'ZIC5', 'BMP7', 'PTHLH']",0.3300152513387882,0,0,WikiPathway_2023_Human
30,mBDNF And proBDNF Regulation Of GABA Neurotransmission WP4829,0.05529985292704018,5.545454545454546,16.054007893661755,"['GABRQ', 'NTRK2']",0.3300152513387882,0,0,WikiPathway_2023_Human
31,Sleep Regulation WP3591,0.05529985292704018,5.545454545454546,16.054007893661755,"['STAR', 'ADA']",0.3300152513387882,0,0,WikiPathway_2023_Human
32,Amino Acid Metabolism In Triple Negative Breast Cancer Cells WP5213,0.06794426888853011,16.57788944723618,44.57906348265406,['PHGDH'],0.3573648299383848,0,0,WikiPathway_2023_Human
33,Neural Crest Cell Migration In Cancer WP4565,0.06878964677848877,4.867947770386794,13.030045670347697,"['NTRK2', 'PAK5']",0.3573648299383848,0,0,WikiPathway_2023_Human
34,Aryl Hydrocarbon Receptor Pathway WP2873,0.07445847463610643,4.641061780596664,12.055221541075596,"['SERPINB2', 'UGT1A7']",0.3573648299383848,0,0,WikiPathway_2023_Human
35,15Q25 Copy Number Variation WP5408,0.07445847463610643,4.641061780596664,12.055221541075596,"['BNC1', 'AP3B2']",0.3573648299383848,0,0,WikiPathway_2023_Human
36,Peroxiredoxin 2 Induced Ovarian Failure WP4873,0.07726807133802915,14.208901651112706,36.38152974515558,['STAR'],0.3573648299383848,0,0,WikiPathway_2023_Human
37,NIPBL Role In DNA Damage Cornelia De Lange Syndrome WP5119,0.07726807133802915,14.208901651112706,36.38152974515558,['RNF168'],0.3573648299383848,0,0,WikiPathway_2023_Human
38,Glucose Metabolism In Triple Negative Breast Cancer Cells WP5211,0.07726807133802915,14.208901651112706,36.38152974515558,['SLC16A1'],0.3573648299383848,0,0,WikiPathway_2023_Human
39,Serine Metabolism WP4688,0.07726807133802915,14.208901651112706,36.38152974515558,['PHGDH'],0.3573648299383848,0,0,WikiPathway_2023_Human
40,Ketogenesis And Ketolysis WP4742,0.07726807133802915,14.208901651112706,36.38152974515558,['SLC16A1'],0.3573648299383848,0,0,WikiPathway_2023_Human
41,Primary Ovarian Insufficiency WP5316,0.09137378179419808,2.4138185394639784,5.775777018583545,"['STAR', 'FOXE1', 'BNC1', 'TP63']",0.4065376951000253,0,0,WikiPathway_2023_Human
42,Synaptic Vesicle Pathway WP2267,0.0922950442929787,4.071531642960214,9.7015024039535,"['CACNA1B', 'AP2M1']",0.4065376951000253,0,0,WikiPathway_2023_Human
43,Nucleotide GPCRs WP80,0.10468629924390684,9.944723618090451,22.4431232477853,['P2RY1'],0.4152307852937456,0,0,WikiPathway_2023_Human
44,Gastric Acid Production WP2596,0.10468629924390684,9.944723618090451,22.4431232477853,['GAST'],0.4152307852937456,0,0,WikiPathway_2023_Human
45,Alternative Pathway Of Fetal Androgen Synthesis WP4524,0.10468629924390684,9.944723618090451,22.4431232477853,['STAR'],0.4152307852937456,0,0,WikiPathway_2023_Human
46,Gastrin Signaling Pathway WP4659,0.1084360022174226,2.676939811457578,5.947076425256374,"['JAG1', 'SERPINB2', 'GAST']",0.4152307852937456,0,0,WikiPathway_2023_Human
47,SRF And miRs In Smooth Muscle Differentiation And Proliferation WP1991,0.11364434870559527,9.040201005025125,19.659557478207127,['NKX2-5'],0.4152307852937456,0,0,WikiPathway_2023_Human
48,Osteoblast Differentiation And Related Diseases WP4787,0.11479220312025812,2.606709335687486,5.642565698444747,"['JAG1', 'SMO', 'HES2']",0.4152307852937456,0,0,WikiPathway_2023_Human
49,Lactate Shuttle In Glial Cells WP5314,0.12251321261076642,8.28643216080402,17.397665920944878,['SLC16A1'],0.4152307852937456,0,0,WikiPathway_2023_Human
50,Purine Metabolism WP4792,0.12251321261076642,8.28643216080402,17.397665920944878,['ADA'],0.4152307852937456,0,0,WikiPathway_2023_Human
51,Fragile X Syndrome WP4549,0.12348017767957703,2.5185769739367827,5.26804358631712,"['NTRK2', 'SLC16A1', 'AP2M1']",0.4152307852937456,0,0,WikiPathway_2023_Human
52,Endochondral Ossification WP474,0.1310431018295034,3.2685875144891536,6.642518297732,"['BMP7', 'PTHLH']",0.4152307852937456,0,0,WikiPathway_2023_Human
53,Endochondral Ossification With Skeletal Dysplasias WP4808,0.1310431018295034,3.2685875144891536,6.642518297732,"['BMP7', 'PTHLH']",0.4152307852937456,0,0,WikiPathway_2023_Human
54,H19 Action Rb E2F1 Signaling And CDK Beta Catenin Activity WP3969,0.1312937743788508,7.648627754155393,15.529145947074285,['JAG1'],0.4152307852937456,0,0,WikiPathway_2023_Human
55,6Q16 Copy Number Variation WP5400,0.1312937743788508,7.648627754155393,15.529145947074285,['NTRK2'],0.4152307852937456,0,0,WikiPathway_2023_Human
56,ERK Pathway In Huntington 39 S Disease WP3853,0.13998690873161904,7.101938262742283,13.963876250165317,['NTRK2'],0.4152307852937456,0,0,WikiPathway_2023_Human
57,OSX And miRNAs In Tooth Development WP3971,0.13998690873161904,7.101938262742283,13.963876250165317,['BMP7'],0.4152307852937456,0,0,WikiPathway_2023_Human
58,Melanoma WP4685,0.14812870807806724,3.0202020202020203,5.767600469255814,"['CALML5', 'CALML3']",0.4152307852937456,0,0,WikiPathway_2023_Human
59,Tryptophan Catabolism Leading To NAD Production WP4210,0.14859348181119025,6.628140703517588,12.636822082241837,['NMNAT3'],0.4152307852937456,0,0,WikiPathway_2023_Human
60,Classical Pathway Of Steroidogenesis With Glucocorticoid And Mineralocorticoid Metabolism WP4523,0.14859348181119025,6.628140703517588,12.636822082241837,['STAR'],0.4152307852937456,0,0,WikiPathway_2023_Human
61,Hedgehog Signaling Pathway WP47,0.14859348181119025,6.628140703517588,12.636822082241837,['SMO'],0.4152307852937456,0,0,WikiPathway_2023_Human
62,NAD Metabolism WP3644,0.14859348181119025,6.628140703517588,12.636822082241837,['NMNAT3'],0.4152307852937456,0,0,WikiPathway_2023_Human
63,DNA Damage Response WP707,0.1515987898971927,2.9749736167646614,5.6123406468995185,"['TP53AIP1', 'SFN']",0.4152307852937456,0,0,WikiPathway_2023_Human
64,miRNA Regulation Of DNA Damage Response WP1530,0.1515987898971927,2.9749736167646614,5.6123406468995185,"['TP53AIP1', 'SFN']",0.4152307852937456,0,0,WikiPathway_2023_Human
65,TGF Beta Signaling In Thyroid Cells For Epithelial Mesenchymal Transition WP3859,0.15711435119222805,6.21356783919598,11.499955704952034,['SNAI2'],0.4152307852937456,0,0,WikiPathway_2023_Human
66,miR 509 3P Alteration Of YAP1 ECM Axis WP3967,0.15711435119222805,6.21356783919598,11.499955704952034,['SNAI2'],0.4152307852937456,0,0,WikiPathway_2023_Human
67,Fatty Acid Omega Oxidation WP206,0.15711435119222805,6.21356783919598,11.499955704952034,['ADH7'],0.4152307852937456,0,0,WikiPathway_2023_Human
68,NOTCH1 Regulation Of Endothelial Cell Calcification WP3413,0.15711435119222805,6.21356783919598,11.499955704952034,['JAG1'],0.4152307852937456,0,0,WikiPathway_2023_Human
69,Involvement Of Secretase In Neurodegenerative Diseases WP5372,0.15711435119222805,6.21356783919598,11.499955704952034,['NTRK2'],0.4152307852937456,0,0,WikiPathway_2023_Human
70,Amplification And Expansion Of Oncogenic Pathways As Metastatic Traits WP3678,0.15711435119222805,6.21356783919598,11.499955704952034,['JAG1'],0.4152307852937456,0,0,WikiPathway_2023_Human
71,Fatty Acid Transporters WP5061,0.16555036603580536,5.847768253029855,10.517093101327859,['FABP5'],0.4197549979909613,0,0,WikiPathway_2023_Human
72,MECP2 And Associated Rett Syndrome WP3584,0.16563305326129824,2.806800398349694,5.046572271238703,"['DLX5', 'DLX6']",0.4197549979909613,0,0,WikiPathway_2023_Human
73,Head And Neck Squamous Cell Carcinoma WP4674,0.16563305326129824,2.806800398349694,5.046572271238703,"['IRF6', 'TP63']",0.4197549979909613,0,0,WikiPathway_2023_Human
74,Serotonin Receptor 4 6 7 And NR3C Signaling WP734,0.17390236715270527,5.522613065326633,9.660493009429999,['HTR7'],0.42895917231000635,0,0,WikiPathway_2023_Human
75,TP53 Network WP1742,0.17390236715270527,5.522613065326633,9.660493009429999,['TP63'],0.42895917231000635,0,0,WikiPathway_2023_Human
76,Mesodermal Commitment Pathway WP2857,0.1775184311280577,2.1081718738828914,3.6443563218369186,"['MSGN1', 'ZIC5', 'BMP7']",0.43211723366698257,0,0,WikiPathway_2023_Human
77,Metabolism Of Sphingolipids In ER And Golgi Apparatus WP4142,0.19035764983475928,4.969849246231155,8.244237447277422,['CERS3'],0.451489297685006,0,0,WikiPathway_2023_Human
78,7Q11 23 Distal Copy Number Variation WP5401,0.19035764983475928,4.969849246231155,8.244237447277422,['SFN'],0.451489297685006,0,0,WikiPathway_2023_Human
79,Regulation Of Apoptosis By Parathyroid Hormone Related Protein WP3872,0.1984625719282345,4.732950466618808,7.653913334056085,['PTHLH'],0.4532787136632516,0,0,WikiPathway_2023_Human
80,Blood Clotting Cascade WP272,0.1984625719282345,4.732950466618808,7.653913334056085,['SERPINB2'],0.4532787136632516,0,0,WikiPathway_2023_Human
81,Synthesis Of Ceramides And 1 Deoxyceramides WP5194,0.1984625719282345,4.732950466618808,7.653913334056085,['CERS3'],0.4532787136632516,0,0,WikiPathway_2023_Human
82,IL 24 Signaling Pathway WP5413,0.20319744040616528,1.7518796992481203,2.791755475410188,"['S100A2', 'KRT14', 'KRT13', 'KRT5']",0.45476251004686796,0,0,WikiPathway_2023_Human
83,Apoptosis WP254,0.2052250792916977,2.4289233801428924,3.84655954231675,"['IRF6', 'TP63']",0.45476251004686796,0,0,WikiPathway_2023_Human
84,Purine Metabolism And Related Disorders WP4224,0.20648676131857788,4.517587939698492,7.126580711797677,['ADA'],0.45476251004686796,0,0,WikiPathway_2023_Human
85,Orexin Receptor Pathway WP5094,0.21987750137078915,2.315480385247827,3.5072227118932733,"['STAR', 'BMP7']",0.46207623535206765,0,0,WikiPathway_2023_Human
86,Mammalian Disorder Of Sexual Development WP4842,0.22229613484504876,4.14070351758794,6.226561570384656,['FST'],0.46207623535206765,0,0,WikiPathway_2023_Human
87,S1P Receptor Signal Transduction WP26,0.22229613484504876,4.14070351758794,6.226561570384656,['S1PR5'],0.46207623535206765,0,0,WikiPathway_2023_Human
88,Differentiation Of White And Brown Adipocyte WP2895,0.22229613484504876,4.14070351758794,6.226561570384656,['BMP7'],0.46207623535206765,0,0,WikiPathway_2023_Human
89,Sphingolipid Metabolism Overview WP4725,0.22229613484504876,4.14070351758794,6.226561570384656,['CERS3'],0.46207623535206765,0,0,WikiPathway_2023_Human
90,Glucuronidation WP698,0.23008289572668275,3.9748743718592965,5.840344997302112,['UGT1A7'],0.46775094186193744,0,0,WikiPathway_2023_Human
91,Sphingolipid Metabolism Integrated Pathway WP4726,0.23008289572668275,3.9748743718592965,5.840344997302112,['CERS3'],0.46775094186193744,0,0,WikiPathway_2023_Human
92,Gastric Cancer Network 1 WP2361,0.23779207752429157,3.821801314263626,5.489477227235043,['E2F7'],0.46901135303264935,0,0,WikiPathway_2023_Human
93,FGFR3 Signaling In Chondrocyte Proliferation And Terminal Differentiation WP4767,0.23779207752429157,3.821801314263626,5.489477227235043,['PTHLH'],0.46901135303264935,0,0,WikiPathway_2023_Human
94,Corticotropin Releasing Hormone Signaling Pathway WP2355,0.23830847127064345,2.1877011877011876,3.1375777372613727,"['STAR', 'KRT14']",0.46901135303264935,0,0,WikiPathway_2023_Human
95,Sphingolipid Metabolism In Senescence WP5121,0.2454244493195781,3.680067001675042,5.169633447658624,['S1PR5'],0.47349409964680644,0,0,WikiPathway_2023_Human
96,Small Cell Lung Cancer WP4658,0.24570504630320766,2.140436624307592,3.004367063071291,"['COL4A6', 'COL4A5']",0.47349409964680644,0,0,WikiPathway_2023_Human
97,Sphingolipid Pathway WP1422,0.2604618012849767,3.425922717033443,4.608890626901229,['CERS3'],0.47940551826500205,0,0,WikiPathway_2023_Human
98,Dopaminergic Neurogenesis WP2855,0.2604618012849767,3.425922717033443,4.608890626901229,['EN1'],0.47940551826500205,0,0,WikiPathway_2023_Human
99,GPCRs Class A Rhodopsin Like WP455,0.2607703007904634,1.5642256902761105,2.1024997341836618,"['CHRM3', 'HTR7', 'GPR87', 'P2RY1']",0.47940551826500205,0,0,WikiPathway_2023_Human
100,VEGFA VEGFR2 Signaling WP3888,0.2614475469785886,1.4133437074499124,1.8960311128493128,"['JAG1', 'PTPRZ1', 'SIAH2', 'GPC1', 'NRARP', 'DSC1']",0.47940551826500205,0,0,WikiPathway_2023_Human
101,Tumor Suppressor Activity Of SMARCB1 WP4204,0.2678682819607093,3.3115577889447234,4.362182296847866,['SMO'],0.47940551826500205,0,0,WikiPathway_2023_Human
102,Prion Disease Pathway WP3995,0.2752009537742224,3.204571243313341,4.1347099266061775,['BCL11A'],0.47940551826500205,0,0,WikiPathway_2023_Human
103,CAMKK2 Pathway WP4874,0.2824605485993796,3.1042713567839195,3.9244707255325473,['CHRM3'],0.47940551826500205,0,0,WikiPathway_2023_Human
104,Disruption Of Postsynaptic Signaling By CNV WP4875,0.2824605485993796,3.1042713567839195,3.9244707255325473,['DLG1'],0.47940551826500205,0,0,WikiPathway_2023_Human
105,Purinergic Signaling WP4900,0.2824605485993796,3.1042713567839195,3.9244707255325473,['P2RY1'],0.47940551826500205,0,0,WikiPathway_2023_Human
106,Fluoropyrimidine Activity WP1601,0.2824605485993796,3.1042713567839195,3.9244707255325473,['ABCC5'],0.47940551826500205,0,0,WikiPathway_2023_Human
107,Mammary Gland Development Pathway Pregnancy And Lactation Stage 3 Of 4 WP2817,0.2824605485993796,3.1042713567839195,3.9244707255325473,['PNCK'],0.47940551826500205,0,0,WikiPathway_2023_Human
108,FBXL10 Enhancement Of MAP ERK Signaling In Diffuse Large B Cell Lymphoma WP4553,0.2824605485993796,3.1042713567839195,3.9244707255325473,['MACROH2A2'],0.47940551826500205,0,0,WikiPathway_2023_Human
109,BDNF TrkB Signaling WP3676,0.2824605485993796,3.1042713567839195,3.9244707255325473,['NTRK2'],0.47940551826500205,0,0,WikiPathway_2023_Human
110,Complement System In Neuronal Development And Plasticity WP5090,0.2864567291305087,1.912975912975913,2.3915408635892965,"['PARD6G', 'MARK1']",0.4817681353558555,0,0,WikiPathway_2023_Human
111,Fatty Acids And Lipoproteins Transport In Hepatocytes WP5323,0.29676339875343116,2.9213715637008573,3.54894088012851,['STAR'],0.494605664589052,0,0,WikiPathway_2023_Human
112,Zinc Homeostasis WP3529,0.3038080819844295,2.8377602297200286,3.380791434126185,['SLC39A2'],0.5018258497064236,0,0,WikiPathway_2023_Human
113,Neovascularisation Processes WP4331,0.31078254425093965,2.758793969849246,3.2240971983470845,['JAG1'],0.50434009374056,0,0,WikiPathway_2023_Human
114,Photodynamic Therapy Induced HIF 1 Survival Signaling WP3614,0.31078254425093965,2.758793969849246,3.2240971983470845,['SLC16A1'],0.50434009374056,0,0,WikiPathway_2023_Human
115,Kisspeptin Kisspeptin Receptor System In The Ovary WP4871,0.3245235847719431,2.6133298069293835,2.941033694945818,['STAR'],0.5193977462409638,0,0,WikiPathway_2023_Human
116,Circadian Rhythm Genes WP3594,0.326038502491712,1.5076142131979695,1.68964324994727,"['HTR7', 'STAR', 'ADA']",0.5193977462409638,0,0,WikiPathway_2023_Human
117,ATM Signaling Pathway WP2516,0.3312915354401823,2.54619250096637,2.8129227654318845,['AP3B2'],0.5193977462409638,0,0,WikiPathway_2023_Human
118,Neural Crest Cell Migration During Development WP4564,0.3312915354401823,2.54619250096637,2.8129227654318845,['PAK5'],0.5193977462409638,0,0,WikiPathway_2023_Human
119,Hippo Merlin Signaling Dysregulation WP4541,0.33794073261306506,1.6848142441362781,1.827829273598234,"['NTRK2', 'PAK5']",0.5253700464993029,0,0,WikiPathway_2023_Human
120,Metabolic Reprogramming In Pancreatic Cancer WP5220,0.34462567794504406,2.4217428606446867,2.5798740539583482,['SLC16A1'],0.5293889526614559,0,0,WikiPathway_2023_Human
121,Vitamin A And Carotenoid Metabolism WP716,0.3511932019412653,2.363962670495334,2.473694919601735,['RBP1'],0.5293889526614559,0,0,WikiPathway_2023_Human
122,Hedgehog Signaling Pathway WP4249,0.3511932019412653,2.363962670495334,2.473694919601735,['SMO'],0.5293889526614559,0,0,WikiPathway_2023_Human
123,Heart Development WP1591,0.3576952382847675,2.308869931050602,2.373689018141451,['NKX2-5'],0.5293889526614559,0,0,WikiPathway_2023_Human
124,Notch Signaling WP268,0.3576952382847675,2.308869931050602,2.373689018141451,['JAG1'],0.5293889526614559,0,0,WikiPathway_2023_Human
125,Genes Controlling Nephrogenesis WP4823,0.3576952382847675,2.308869931050602,2.373689018141451,['HOXD11'],0.5293889526614559,0,0,WikiPathway_2023_Human
126,ATM Signaling In Development And Disease WP3878,0.36413243667788175,2.2562814070351758,2.279380404926681,['RNF168'],0.5304291400425837,0,0,WikiPathway_2023_Human
127,Nephrotic Syndrome WP4758,0.36413243667788175,2.2562814070351758,2.279380404926681,['COL4A5'],0.5304291400425837,0,0,WikiPathway_2023_Human
128,Microtubule Cytoskeleton Regulation WP2038,0.3705054405101429,2.2060301507537687,2.1903389894516705,['MARK1'],0.5354961444873159,0,0,WikiPathway_2023_Human
129,Mechanoregulation And Pathology Of YAP TAZ Via Hippo And Non Hippo Mechanisms WP4534,0.376814886705751,2.1579637317019884,2.1061752538856453,['PAK5'],0.5403934421749143,0,0,WikiPathway_2023_Human
130,Rett Syndrome Causing Genes WP4312,0.3830614060395898,2.111942692184326,2.026535673888961,['HAP1'],0.5409645810482757,0,0,WikiPathway_2023_Human
131,Pluripotent Stem Cell Differentiation Pathway WP2848,0.3830614060395898,2.111942692184326,2.026535673888961,['FST'],0.5409645810482757,0,0,WikiPathway_2023_Human
132,2Q37 Copy Number Variation Syndrome WP5224,0.3918041128092912,1.4936583883952306,1.3995478670313066,"['GPC1', 'UGT1A7']",0.5465653765176941,0,0,WikiPathway_2023_Human
133,Synaptic Signaling Pathways Associated With Autism Spectrum Disorder WP4539,0.39536815575105444,2.025535842477695,1.8795714928238214,['NTRK2'],0.5465653765176941,0,0,WikiPathway_2023_Human
134,Brain Derived Neurotrophic Factor BDNF Signaling Pathway WP2380,0.3988450044858849,1.4713804713804715,1.3524670293145111,"['NTRK2', 'DLG1']",0.5465653765176941,0,0,WikiPathway_2023_Human
135,Ectoderm Differentiation WP2858,0.3988450044858849,1.4713804713804715,1.3524670293145111,"['CELSR2', 'KRT6A']",0.5465653765176941,0,0,WikiPathway_2023_Human
136,8P23 1 Copy Number Variation Syndrome WP5346,0.40743061179994755,1.9459060005911912,1.7471991060741807,['CSTA'],0.5500845101501698,0,0,WikiPathway_2023_Human
137,Cardiac Progenitor Differentiation WP2406,0.4133717413870322,1.9083880943177425,1.6858852917962188,['NKX2-5'],0.5500845101501698,0,0,WikiPathway_2023_Human
138,NRP1 Triggered Signaling Pathways In Pancreatic Cancer WP5144,0.4133717413870322,1.9083880943177425,1.6858852917962188,['SNAI2'],0.5500845101501698,0,0,WikiPathway_2023_Human
139,TGF Beta Receptor Signaling WP560,0.41925359962796727,1.8722859580923485,1.627539412897697,['FST'],0.5500845101501698,0,0,WikiPathway_2023_Human
140,Notch Signaling Pathway WP61,0.41925359962796727,1.8722859580923485,1.627539412897697,['JAG1'],0.5500845101501698,0,0,WikiPathway_2023_Human
141,Hematopoietic Stem Cell Differentiation WP2849,0.41925359962796727,1.8722859580923485,1.627539412897697,['TRIM29'],0.5500845101501698,0,0,WikiPathway_2023_Human
142,Proximal Tubule Transport WP4917,0.43654940104748474,1.7717157214644652,1.4684931926330618,['SLC47A2'],0.558998828310224,0,0,WikiPathway_2023_Human
143,PI3K Akt Signaling Pathway WP4172,0.43837487068223346,1.189417084198949,0.980889510455895,"['NTRK2', 'COL4A6', 'COL4A5', 'LPAR3']",0.558998828310224,0,0,WikiPathway_2023_Human
144,Pre Implantation Embryo WP3527,0.4421999998339941,1.740544829410209,1.4202724160163902,['MACROH2A2'],0.558998828310224,0,0,WikiPathway_2023_Human
145,TGF Beta Receptor Signaling In Skeletal Dysplasias WP4816,0.4421999998339941,1.740544829410209,1.4202724160163902,['FST'],0.558998828310224,0,0,WikiPathway_2023_Human
146,Regulation Of Actin Cytoskeleton WP51,0.44363506810342584,1.3412503412503411,1.0901052026516995,"['CHRM3', 'PAK5']",0.558998828310224,0,0,WikiPathway_2023_Human
147,Pleural Mesothelioma WP5087,0.44417744736001574,1.1495726495726495,0.9329140030216123,"['NTRK2', 'COL4A6', 'COL4A5', 'PAK5', 'DSC3']",0.558998828310224,0,0,WikiPathway_2023_Human
148,MET In Type 1 Papillary Renal Cell Carcinoma WP4205,0.4477942115947188,1.7104487957026513,1.3742113392020114,['PAK5'],0.5597427644933985,0,0,WikiPathway_2023_Human
149,T Cell Antigen Receptor TCR Pathway During Staphylococcus Aureus Infection WP3863,0.46424409609515765,1.6260812258011368,1.2477649663473405,['DLG1'],0.571574908956543,0,0,WikiPathway_2023_Human
150,10Q22Q23 Copy Number Variation WP5402,0.46424409609515765,1.6260812258011368,1.2477649663473405,['CDHR1'],0.571574908956543,0,0,WikiPathway_2023_Human
151,Sudden Infant Death Syndrome SIDS Susceptibility Pathways WP706,0.46698324541609937,1.280221570544151,0.9748399482603151,"['NTRK2', 'EN1']",0.571574908956543,0,0,WikiPathway_2023_Human
152,Lung Fibrosis WP3624,0.46961830357510553,1.5997730588426,1.2091645247691418,['BMP7'],0.571574908956543,0,0,WikiPathway_2023_Human
153,PPAR Signaling Pathway WP3942,0.4905840112592053,1.5025125628140703,1.0700274503610792,['FABP5'],0.5931898175356404,0,0,WikiPathway_2023_Human
154,Trans Sulfuration One Carbon Metabolism And Related Pathways WP2525,0.4956952821636893,1.4800120003000075,1.0386633811930914,['PHGDH'],0.5954780987031333,0,0,WikiPathway_2023_Human
155,Glucocorticoid Receptor Pathway WP2880,0.5057652387756465,1.4369674459252786,0.9795558086095747,['SNAI2'],0.6036552849902878,0,0,WikiPathway_2023_Human
156,Parkin Ubiquitin Proteasomal System Pathway WP2359,0.5107249334696091,1.416367552045944,0.9516915272016224,['SIAH2'],0.605667389050498,0,0,WikiPathway_2023_Human
157,Cholesterol Metabolism WP5304,0.5156351033007534,1.3963479368674359,0.9248793332622998,['STAR'],0.6075955038894227,0,0,WikiPathway_2023_Human
158,Ciliopathies WP4803,0.5513181333441729,1.0888000888000888,0.6483186764924664,"['SMO', 'CEP19']",0.6455307257510885,0,0,WikiPathway_2023_Human
159,Clear Cell Renal Cell Carcinoma Pathways WP4018,0.5751779449472499,1.1794687724335966,0.6523356544527062,['PHGDH'],0.6692322000958568,0,0,WikiPathway_2023_Human
160,Retinoblastoma Gene In Cancer WP2446,0.5836679914950987,1.1519224027112305,0.6202214761277236,['RBP1'],0.6748661151662079,0,0,WikiPathway_2023_Human
161,Bardet Biedl Syndrome WP5234,0.5878494885157634,1.138624155259054,0.6049331780092367,['SMO'],0.6754792259342622,0,0,WikiPathway_2023_Human
162,Pancreatic Adenocarcinoma Pathway WP4263,0.591989195722158,1.1256281407035176,0.5901295699518402,['PAK5'],0.6760370444975261,0,0,WikiPathway_2023_Human
163,ErbB Signaling Pathway WP673,0.5960875287025766,1.1129241714188922,0.5757910883551692,['PAK5'],0.676541060183906,0,0,WikiPathway_2023_Human
164,Amino Acid Metabolism WP3925,0.6001448988156681,1.100502512562814,0.5618991453376235,['ADH7'],0.6769927212249914,0,0,WikiPathway_2023_Human
165,Metabolic Epileptic Disorders WP5355,0.6041617136020576,1.0883538571980782,0.5484360698708618,['PHGDH'],0.6773934364629131,0,0,WikiPathway_2023_Human
166,lncRNA In Canonical Wnt Signaling And Colorectal Cancer WP4258,0.6081383763355012,1.0764693030369237,0.5353850545471538,['MACROH2A2'],0.6777445760365526,0,0,WikiPathway_2023_Human
167,1P36 Copy Number Variation Syndrome WP5345,0.6120752863236749,1.0648403306856864,0.5227301046685241,['KRT17'],0.6780474728735321,0,0,WikiPathway_2023_Human
168,Hippo Signaling Regulation Pathways WP4540,0.6274332493027582,1.0207221675387246,0.4757769643136218,['NTRK2'],0.6909235185774422,0,0,WikiPathway_2023_Human
169,Prader Willi And Angelman Syndrome WP3998,0.642186106799596,0.9800985123637992,0.43406321756699195,['DLX5'],0.698849586811325,0,0,WikiPathway_2023_Human
170,Genes Related To Primary Cilium Development Based On CRISPR WP4536,0.642186106799596,0.9800985123637992,0.43406321756699195,['CEP19'],0.698849586811325,0,0,WikiPathway_2023_Human
171,22Q11 2 Copy Number Variation Syndrome WP4657,0.6956073317848006,0.845380749903363,0.30684781387159343,['NKX2-5'],0.7460610247283852,0,0,WikiPathway_2023_Human
172,Spinal Cord Injury WP2431,0.6986693101557254,0.8381739204497062,0.3005505089455322,['PTPRZ1'],0.7460610247283852,0,0,WikiPathway_2023_Human
173,Cell Cycle WP179,0.701700639474265,0.8310882141801444,0.294411674622422,['SFN'],0.7460610247283852,0,0,WikiPathway_2023_Human
174,DNA Repair Pathways Full Network WP4946,0.701700639474265,0.8310882141801444,0.294411674622422,['FANCE'],0.7460610247283852,0,0,WikiPathway_2023_Human
175,MAPK Signaling Pathway WP382,0.7078260186562699,0.8095711210465308,0.2797529288928009,"['NTRK2', 'CACNA1B']",0.7482732197223425,0,0,WikiPathway_2023_Human
176,Alzheimer 39 S Disease And miRNA Effects WP2059,0.7361780170388152,0.7650927883486023,0.23433515819317927,"['CALML5', 'CALML3']",0.7694515997298351,0,0,WikiPathway_2023_Human
177,Alzheimer 39 S Disease WP5124,0.7361780170388152,0.7650927883486023,0.23433515819317927,"['CALML5', 'CALML3']",0.7694515997298351,0,0,WikiPathway_2023_Human
178,Neuroinflammation And Glutamatergic Signaling WP5083,0.7563396476796467,0.7107841365098876,0.1984969430102926,['PHGDH'],0.7860833416895204,0,0,WikiPathway_2023_Human
179,Myometrial Relaxation And Contraction Pathways WP289,0.7927822517353202,0.6368941481601557,0.14789107758491796,['SFN'],0.8193559584973981,0,0,WikiPathway_2023_Human
180,EGF EGFR Signaling Pathway WP437,0.7989849820224193,0.6247058075186057,0.14019218519426838,['AP2M1'],0.8211790093008198,0,0,WikiPathway_2023_Human
181,Focal Adhesion PI3K Akt mTOR Signaling Pathway WP3932,0.8075623384422789,0.6565656565656566,0.14033107869819678,"['COL4A6', 'LPAR3']",0.8242071308443625,0,0,WikiPathway_2023_Human
182,Chemokine Signaling Pathway WP3929,0.8108416098036432,0.6016668709400662,0.12615904151043383,['PRKX'],0.8242071308443625,0,0,WikiPathway_2023_Human
183,Metapathway Biotransformation Phase I And II WP702,0.8439859992638473,0.5386769915149519,0.09137005359000124,['UGT1A7'],0.8532098899661844,0,0,WikiPathway_2023_Human
184,Focal Adhesion WP306,0.8660145054493834,0.49748743718592964,0.0715653690513794,['COL4A6'],0.8707211060224778,0,0,WikiPathway_2023_Human
185,Network Map Of SARS CoV 2 Signaling Pathway WP5115,0.8895281226354582,0.45348864136349953,0.053087265123602005,['COL7A1'],0.8895281226354582,0,0,WikiPathway_2023_Human
