case,label,clean,n_slides
TCGA-05-4402,LUAD,True,1
TCGA-05-4417,LUAD,True,1
TCGA-05-4420,LUAD,True,1
TCGA-05-4427,LUAD,True,1
TCGA-18-3411,LUSC,True,1
TCGA-18-3415,LUSC,True,1
TCGA-18-4083,LUSC,True,1
TCGA-21-5784,LUSC,True,1
TCGA-22-1016,LUSC,True,1
TCGA-22-4613,LUSC,True,1
TCGA-22-5480,LUSC,True,1
TCGA-22-5489,LUSC,True,1
TCGA-33-4533,LUSC,True,1
TCGA-33-4538,LUSC,True,2
TCGA-33-A5GW,LUSC,True,1
TCGA-33-AAS8,LUSC,True,1
TCGA-33-AASI,LUSC,True,1
TCGA-34-5241,LUSC,True,1
TCGA-37-3792,LUSC,True,1
TCGA-37-4135,LUSC,True,1
TCGA-38-A44F,LUAD,True,1
TCGA-43-5668,LUSC,True,1
TCGA-43-A475,LUSC,True,1
TCGA-43-A56U,LUSC,True,1
TCGA-44-4112,LUAD,True,1
TCGA-44-5643,LUAD,True,1
TCGA-44-6776,LUAD,True,1
TCGA-44-7670,LUAD,True,1
TCGA-46-3766,LUSC,True,1
TCGA-49-4488,LUAD,True,1
TCGA-49-4490,LUAD,True,2
TCGA-49-4512,LUAD,True,1
TCGA-49-6742,LUAD,True,2
TCGA-49-6743,LUAD,True,1
TCGA-49-6745,LUAD,True,1
TCGA-50-5045,LUAD,True,1
TCGA-50-5939,LUAD,True,1
TCGA-50-8459,LUAD,True,1
TCGA-53-7624,LUAD,True,1
TCGA-55-6980,LUAD,True,1
TCGA-55-8302,LUAD,True,1
TCGA-55-8514,LUAD,True,1
TCGA-55-A490,LUAD,True,1
TCGA-55-A492,LUAD,True,1
TCGA-55-A494,LUAD,True,1
TCGA-56-7223,LUSC,True,1
TCGA-56-7730,LUSC,True,1
TCGA-56-8307,LUSC,True,1
TCGA-56-8309,LUSC,True,1
TCGA-56-8622,LUSC,True,1
TCGA-56-A4BY,LUSC,True,1
TCGA-60-2714,LUSC,True,1
TCGA-60-2715,LUSC,True,1
TCGA-60-2723,LUSC,True,1
TCGA-60-2725,LUSC,True,1
TCGA-60-2726,LUSC,True,1
TCGA-64-1680,LUAD,True,1
TCGA-69-7760,LUAD,True,1
TCGA-69-A59K,LUAD,True,1
TCGA-70-6722,LUSC,True,1
TCGA-71-8520,LUAD,True,1
TCGA-73-4676,LUAD,True,1
TCGA-73-4677,LUAD,True,1
TCGA-75-7030,LUAD,True,1
TCGA-77-7138,LUSC,True,1
TCGA-77-7141,LUSC,True,1
TCGA-77-8139,LUSC,True,1
TCGA-77-8144,LUSC,True,1
TCGA-77-A5GF,LUSC,True,1
TCGA-78-7535,LUAD,True,1
TCGA-78-7542,LUAD,True,1
TCGA-78-8662,LUAD,True,1
TCGA-85-6561,LUSC,True,1
TCGA-85-6798,LUSC,True,1
TCGA-85-8072,LUSC,True,1
TCGA-85-8276,LUSC,True,1
TCGA-85-8350,LUSC,True,1
TCGA-85-8580,LUSC,True,1
TCGA-85-A4CL,LUSC,True,1
TCGA-85-A513,LUSC,True,1
TCGA-86-8055,LUAD,True,1
TCGA-86-8074,LUAD,True,1
TCGA-86-A4P7,LUAD,True,1
TCGA-93-A4JO,LUAD,True,1
TCGA-93-A4JP,LUAD,True,1
TCGA-96-8169,LUSC,True,1
TCGA-97-8177,LUAD,True,1
TCGA-97-A4M0,LUAD,True,1
TCGA-98-A53H,LUSC,True,1
TCGA-L9-A50W,LUAD,True,1
TCGA-LA-A7SW,LUSC,True,1
TCGA-MN-A4N4,LUAD,True,1
TCGA-MP-A4T8,LUAD,True,1
TCGA-MP-A4TC,LUAD,True,1
TCGA-MP-A4TJ,LUAD,True,1
TCGA-NC-A5HQ,LUSC,True,1
TCGA-NJ-A55O,LUAD,True,1
